Using pre-set license
Built from '6000.1/staging' branch; Version is '6000.1.10f1 (3c681a6c22ff) revision 3958810'; Using compiler version '194234433'; Build Type 'Release'
OS: 'Windows 11  (10.0.26100) 64bit Professional' Language: 'en' Physical Memory: 31864 MB
BatchMode: 1, IsHumanControllingUs: 0, StartBugReporterOnCrash: 0, Is64bit: 1, IsPro: 1
Date: 2025-08-01T07:36:37Z

COMMAND LINE ARGUMENTS:
C:\Program Files\Unity\Hub\Editor\6000.1.10f1\Editor\Unity.exe
-adb2
-batchMode
-noUpm
-name
AssetImportWorker4
-projectPath
C:/edy/joc_cu_cosmin/Prima_incercare_R/prima_incercare
-logFile
Logs/AssetImportWorker4.log
-srvPort
52657
-job-worker-count
11
-background-job-worker-count
8
-gc-helper-count
1
-name
AssetImport
Successfully changed project path to: C:/edy/joc_cu_cosmin/Prima_incercare_R/prima_incercare
C:/edy/joc_cu_cosmin/Prima_incercare_R/prima_incercare
[UnityMemory] Configuration Parameters - Can be set up in boot.config
    "memorysetup-allocator-temp-initial-block-size-main=262144"
    "memorysetup-allocator-temp-initial-block-size-worker=262144"
    "memorysetup-bucket-allocator-granularity=16"
    "memorysetup-bucket-allocator-bucket-count=8"
    "memorysetup-bucket-allocator-block-size=33554432"
    "memorysetup-bucket-allocator-block-count=8"
    "memorysetup-main-allocator-block-size=16777216"
    "memorysetup-thread-allocator-block-size=16777216"
    "memorysetup-gfx-main-allocator-block-size=16777216"
    "memorysetup-gfx-thread-allocator-block-size=16777216"
    "memorysetup-cache-allocator-block-size=4194304"
    "memorysetup-typetree-allocator-block-size=2097152"
    "memorysetup-profiler-bucket-allocator-granularity=16"
    "memorysetup-profiler-bucket-allocator-bucket-count=8"
    "memorysetup-profiler-bucket-allocator-block-size=33554432"
    "memorysetup-profiler-bucket-allocator-block-count=8"
    "memorysetup-profiler-allocator-block-size=16777216"
    "memorysetup-profiler-editor-allocator-block-size=1048576"
    "memorysetup-temp-allocator-size-main=16777216"
    "memorysetup-job-temp-allocator-block-size=2097152"
    "memorysetup-job-temp-allocator-block-size-background=1048576"
    "memorysetup-job-temp-allocator-reduction-small-platforms=262144"
    "memorysetup-temp-allocator-size-background-worker=32768"
    "memorysetup-temp-allocator-size-job-worker=262144"
    "memorysetup-temp-allocator-size-preload-manager=33554432"
    "memorysetup-temp-allocator-size-nav-mesh-worker=65536"
    "memorysetup-temp-allocator-size-audio-worker=65536"
    "memorysetup-temp-allocator-size-cloud-worker=32768"
    "memorysetup-temp-allocator-size-gi-baking-worker=262144"
    "memorysetup-temp-allocator-size-gi-baking-worker=262144"
    "memorysetup-temp-allocator-size-gi-baking-worker=262144"
    "memorysetup-temp-allocator-size-gi-baking-worker=262144"
    "memorysetup-temp-allocator-size-gi-baking-worker=262144"
    "memorysetup-temp-allocator-size-gfx=262144"
Player connection [26008]  Target information:

Player connection [26008]  * "[IP] 192.168.0.127 [Port] 0 [Flags] 2 [Guid] 2312955262 [EditorId] 2312955262 [Version] 1048832 [Id] WindowsEditor(7,Eduard) [Debug] 1 [PackageName] WindowsEditor [ProjectName] Editor" 

Player connection [26008] Host joined multi-casting on [225.0.0.222:54997]...
Player connection [26008] Host joined alternative multi-casting on [225.0.0.222:34997]...
JobSystem: Creating JobQueue using job-worker-count value 11
Input System module state changed to: Initialized.
[Physics::Module] Initialized fallback backend.
[Physics::Module] Id: 0xdecafbad
Library Redirect Path: Library/
[Physics::Module] Selected backend.
[Physics::Module] Name: PhysX
[Physics::Module] Id: 0xf2b8ea05
[Physics::Module] SDK Version: 4.1.2
[Physics::Module] Integration Version: 1.0.0
[Physics::Module] Threading Mode: Multi-Threaded
Refreshing native plugins compatible for Editor in 3.09 ms, found 4 plugins.
Preloading 0 native plugins for Editor in 0.00 ms.
Initialize engine version: 6000.1.10f1 (3c681a6c22ff)
[Subsystems] Discovering subsystems at path C:/Program Files/Unity/Hub/Editor/6000.1.10f1/Editor/Data/Resources/UnitySubsystems
[Subsystems] Discovering subsystems at path C:/edy/joc_cu_cosmin/Prima_incercare_R/prima_incercare/Assets
GfxDevice: creating device client; kGfxThreadingModeNonThreaded
Direct3D:
    Version:         Direct3D 12 [level 12.1]
    Renderer:        NVIDIA GeForce RTX 4060 Laptop GPU (ID=0x28e0)
    Vendor:          NVIDIA
    VRAM:            7957 MB
    App VRAM Budget: 7189 MB
    Driver:          32.0.15.6607
Initialize mono
Mono path[0] = 'C:/Program Files/Unity/Hub/Editor/6000.1.10f1/Editor/Data/Managed'
Mono path[1] = 'C:/Program Files/Unity/Hub/Editor/6000.1.10f1/Editor/Data/MonoBleedingEdge/lib/mono/unityjit-win32'
Mono config path = 'C:/Program Files/Unity/Hub/Editor/6000.1.10f1/Editor/Data/MonoBleedingEdge/etc'
Using monoOptions --debugger-agent=transport=dt_socket,embedding=1,server=y,suspend=n,address=127.0.0.1:56084
Begin MonoManager ReloadAssembly
Registering precompiled unity dll's ...
Register platform support module: C:/Program Files/Unity/Hub/Editor/6000.1.10f1/Editor/Data/PlaybackEngines/WebGLSupport/UnityEditor.WebGL.Extensions.dll
Register platform support module: C:/Program Files/Unity/Hub/Editor/6000.1.10f1/Editor/Data/PlaybackEngines/WindowsStandaloneSupport/UnityEditor.WindowsStandalone.Extensions.dll
Registered in 0.001283 seconds.
- Loaded All Assemblies, in  0.267 seconds
Native extension for WindowsStandalone target not found
Native extension for WebGL target not found
Mono: successfully reloaded assembly
- Finished resetting the current domain, in  0.297 seconds
Domain Reload Profiling: 563ms
	BeginReloadAssembly (88ms)
		ExecutionOrderSort (0ms)
		DisableScriptedObjects (0ms)
		BackupInstance (0ms)
		ReleaseScriptingObjects (0ms)
		CreateAndSetChildDomain (1ms)
	RebuildCommonClasses (25ms)
	RebuildNativeTypeToScriptingClass (9ms)
	initialDomainReloadingComplete (32ms)
	LoadAllAssembliesAndSetupDomain (112ms)
		LoadAssemblies (86ms)
		RebuildTransferFunctionScriptingTraits (0ms)
		AnalyzeDomain (110ms)
			TypeCache.Refresh (108ms)
				TypeCache.ScanAssembly (98ms)
			BuildScriptInfoCaches (0ms)
			ResolveRequiredComponents (0ms)
	FinalizeReload (298ms)
		ReleaseScriptCaches (0ms)
		RebuildScriptCaches (0ms)
		SetupLoadedEditorAssemblies (265ms)
			LogAssemblyErrors (0ms)
			InitializePlatformSupportModulesInManaged (36ms)
			SetLoadedEditorAssemblies (3ms)
			BeforeProcessingInitializeOnLoad (57ms)
			ProcessInitializeOnLoadAttributes (135ms)
			ProcessInitializeOnLoadMethodAttributes (34ms)
			AfterProcessingInitializeOnLoad (0ms)
			EditorAssembliesLoaded (0ms)
		ExecutionOrderSort2 (0ms)
		AwakeInstancesAfterBackupRestoration (0ms)
Assembly reference Packages/com.unity.cinemachine/Editor/Samples/ExposeHDRPInternals/HDRP-Editor-ref.asmref has no target assembly definition
========================================================================
Worker process is ready to serve import requests
Import Worker Mode flag is 0x00
Assembly reference Packages/com.unity.cinemachine/Editor/Samples/ExposeHDRPInternals/HDRP-Editor-ref.asmref has no target assembly definition
Assembly reference Packages/com.unity.cinemachine/Editor/Samples/ExposeHDRPInternals/HDRP-Editor-ref.asmref has no target assembly definition
Begin MonoManager ReloadAssembly
- Loaded All Assemblies, in  0.548 seconds
Assembly reference Packages/com.unity.cinemachine/Editor/Samples/ExposeHDRPInternals/HDRP-Editor-ref.asmref has no target assembly definition
'Packages/com.unity.cinemachine/Editor/Obsolete/CinemachineVirtualCameraBaseEditor.cs' contains partial class of Unity.Object, exactly 1 of the partial classes needs to be in a file with the same filename. This is to know the one that can be referenced from ie. GameObjects
'Packages/com.unity.cinemachine/Editor/Editors/CinemachineVirtualCameraBaseEditor.cs' contains partial class of Unity.Object, exactly 1 of the partial classes needs to be in a file with the same filename. This is to know the one that can be referenced from ie. GameObjects
Refreshing native plugins compatible for Editor in 1.35 ms, found 4 plugins.
Native extension for WindowsStandalone target not found
Native extension for WebGL target not found
Assembly reference Packages/com.unity.cinemachine/Editor/Samples/ExposeHDRPInternals/HDRP-Editor-ref.asmref has no target assembly definition
Package Manager log level set to [2]
[Package Manager] Failed to launch server process. Reason: Unity was launched with the -noUpm command-line argument
[Package Manager] Unable to send message (not connected to server process).
[Package Manager] Cannot connect to Unity Package Manager local server
Mono: successfully reloaded assembly
- Finished resetting the current domain, in  0.540 seconds
Domain Reload Profiling: 1087ms
	BeginReloadAssembly (124ms)
		ExecutionOrderSort (0ms)
		DisableScriptedObjects (4ms)
		BackupInstance (0ms)
		ReleaseScriptingObjects (0ms)
		CreateAndSetChildDomain (35ms)
	RebuildCommonClasses (26ms)
	RebuildNativeTypeToScriptingClass (8ms)
	initialDomainReloadingComplete (25ms)
	LoadAllAssembliesAndSetupDomain (363ms)
		LoadAssemblies (251ms)
		RebuildTransferFunctionScriptingTraits (0ms)
		AnalyzeDomain (172ms)
			TypeCache.Refresh (131ms)
				TypeCache.ScanAssembly (119ms)
			BuildScriptInfoCaches (34ms)
			ResolveRequiredComponents (4ms)
	FinalizeReload (541ms)
		ReleaseScriptCaches (0ms)
		RebuildScriptCaches (0ms)
		SetupLoadedEditorAssemblies (468ms)
			LogAssemblyErrors (0ms)
			InitializePlatformSupportModulesInManaged (2ms)
			SetLoadedEditorAssemblies (5ms)
			BeforeProcessingInitializeOnLoad (88ms)
			ProcessInitializeOnLoadAttributes (342ms)
			ProcessInitializeOnLoadMethodAttributes (28ms)
			AfterProcessingInitializeOnLoad (3ms)
			EditorAssembliesLoaded (0ms)
		ExecutionOrderSort2 (0ms)
		AwakeInstancesAfterBackupRestoration (4ms)
Launched and connected shader compiler UnityShaderCompiler.exe after 0.01 seconds
Refreshing native plugins compatible for Editor in 1.20 ms, found 4 plugins.
Preloading 0 native plugins for Editor in 0.00 ms.
Unloading 16 Unused Serialized files (Serialized files now loaded: 0)
Unloading 5173 unused Assets / (1.7 MB). Loaded Objects now: 5653.
Memory consumption went from 98.4 MB to 96.8 MB.
Total: 7.990200 ms (FindLiveObjects: 0.689700 ms CreateObjectMapping: 0.307600 ms MarkObjects: 5.072900 ms  DeleteObjects: 1.915500 ms)

========================================================================
Received Import Request.
  Time since last request: 424854.765056 seconds.
  path: Assets/Sprites/Water/Water_tiles_155 1.asset
  artifactKey: Guid(de7ac1c6478c2c641bdfca94c9a15405) Importer(815301076,1909f56bfc062723c751e8b465ee728b)
Start importing Assets/Sprites/Water/Water_tiles_155 1.asset using Guid(de7ac1c6478c2c641bdfca94c9a15405) Importer(815301076,1909f56bfc062723c751e8b465ee728b) (PreviewImporter) -> (artifact id: '1689b3c9e41d8e5d03dc977d1a37e592') in 0.1115053 seconds
Number of updated asset objects reloaded before import = 0Number of asset objects unloaded after import = 3

========================================================================
Received Import Request.
  Time since last request: 0.000029 seconds.
  path: Assets/Sprites/Water/Water_tiles_120 1.asset
  artifactKey: Guid(2c2d6f85cec8e924eb04ba0e0730c3ea) Importer(815301076,1909f56bfc062723c751e8b465ee728b)
Start importing Assets/Sprites/Water/Water_tiles_120 1.asset using Guid(2c2d6f85cec8e924eb04ba0e0730c3ea) Importer(815301076,1909f56bfc062723c751e8b465ee728b) (PreviewImporter) -> (artifact id: '8fb514be2380681dc1b21ea06f1b5b36') in 0.0176497 seconds
Number of updated asset objects reloaded before import = 0Number of asset objects unloaded after import = 3

========================================================================
Received Import Request.
  Time since last request: 0.000033 seconds.
  path: Assets/Sprites/Water/Water_tiles_156 1.asset
  artifactKey: Guid(f8c5046b8727eb947b89dd9a41c57c5c) Importer(815301076,1909f56bfc062723c751e8b465ee728b)
Start importing Assets/Sprites/Water/Water_tiles_156 1.asset using Guid(f8c5046b8727eb947b89dd9a41c57c5c) Importer(815301076,1909f56bfc062723c751e8b465ee728b) (PreviewImporter) -> (artifact id: '48f430cd2b4b5246e5d561ae30c22971') in 0.0173373 seconds
Number of updated asset objects reloaded before import = 0Number of asset objects unloaded after import = 3

========================================================================
Received Import Request.
  Time since last request: 0.000027 seconds.
  path: Assets/Sprites/Water/Water_tiles_130 1.asset
  artifactKey: Guid(6b784face6fb1624984670bf77c7fdb5) Importer(815301076,1909f56bfc062723c751e8b465ee728b)
Start importing Assets/Sprites/Water/Water_tiles_130 1.asset using Guid(6b784face6fb1624984670bf77c7fdb5) Importer(815301076,1909f56bfc062723c751e8b465ee728b) (PreviewImporter) -> (artifact id: '4c2cda1eb4e60ae8ee3adb8e7774713f') in 0.0207371 seconds
Number of updated asset objects reloaded before import = 0Number of asset objects unloaded after import = 3

========================================================================
Received Import Request.
  Time since last request: 0.000025 seconds.
  path: Assets/Sprites/Water/Water_tiles_138 1.asset
  artifactKey: Guid(719daceb92b7f09498ba46b046710074) Importer(815301076,1909f56bfc062723c751e8b465ee728b)
Start importing Assets/Sprites/Water/Water_tiles_138 1.asset using Guid(719daceb92b7f09498ba46b046710074) Importer(815301076,1909f56bfc062723c751e8b465ee728b) (PreviewImporter) -> (artifact id: 'fdbd08d51efb118b5b4a52f81f2db4d2') in 0.0140327 seconds
Number of updated asset objects reloaded before import = 0Number of asset objects unloaded after import = 3

========================================================================
Received Import Request.
  Time since last request: 0.000027 seconds.
  path: Assets/Sprites/Water/Water_tiles_128 1.asset
  artifactKey: Guid(fd724a76e26a358449821a5ff4e1615f) Importer(815301076,1909f56bfc062723c751e8b465ee728b)
Start importing Assets/Sprites/Water/Water_tiles_128 1.asset using Guid(fd724a76e26a358449821a5ff4e1615f) Importer(815301076,1909f56bfc062723c751e8b465ee728b) (PreviewImporter) -> (artifact id: '4dd2182ec3ec6af9f277fae2bdbc2daf') in 0.010858 seconds
Number of updated asset objects reloaded before import = 0Number of asset objects unloaded after import = 3

========================================================================
Received Import Request.
  Time since last request: 0.000034 seconds.
  path: Assets/Sprites/Water/Water_tiles_123 1.asset
  artifactKey: Guid(f963aa4807a7b4941ba9be6684eac410) Importer(815301076,1909f56bfc062723c751e8b465ee728b)
Start importing Assets/Sprites/Water/Water_tiles_123 1.asset using Guid(f963aa4807a7b4941ba9be6684eac410) Importer(815301076,1909f56bfc062723c751e8b465ee728b) (PreviewImporter) -> (artifact id: '034db8ac1b15f57e0cba6c45d563381f') in 0.0200429 seconds
Number of updated asset objects reloaded before import = 0Number of asset objects unloaded after import = 3

========================================================================
Received Import Request.
  Time since last request: 0.000039 seconds.
  path: Assets/Sprites/Water/Water_tiles_144 1.asset
  artifactKey: Guid(de207a112395adc4187b1f9de144a2c0) Importer(815301076,1909f56bfc062723c751e8b465ee728b)
Start importing Assets/Sprites/Water/Water_tiles_144 1.asset using Guid(de207a112395adc4187b1f9de144a2c0) Importer(815301076,1909f56bfc062723c751e8b465ee728b) (PreviewImporter) -> (artifact id: '40cc91ebab399b14e8a695af4bea7d8e') in 0.015324 seconds
Number of updated asset objects reloaded before import = 0Number of asset objects unloaded after import = 3

========================================================================
Received Import Request.
  Time since last request: 0.000034 seconds.
  path: Assets/Sprites/Water/Water_tiles_145 1.asset
  artifactKey: Guid(d9e02efdc4bbdf3448a70ab7edef709d) Importer(815301076,1909f56bfc062723c751e8b465ee728b)
Start importing Assets/Sprites/Water/Water_tiles_145 1.asset using Guid(d9e02efdc4bbdf3448a70ab7edef709d) Importer(815301076,1909f56bfc062723c751e8b465ee728b) (PreviewImporter) -> (artifact id: 'd76bc2e9105ba976cf08ee92e5954873') in 0.0174944 seconds
Number of updated asset objects reloaded before import = 0Number of asset objects unloaded after import = 3

========================================================================
Received Import Request.
  Time since last request: 0.000040 seconds.
  path: Assets/Sprites/Water/Water_tiles_146 1.asset
  artifactKey: Guid(dc6281413fe959f4c80865f4ea9718a3) Importer(815301076,1909f56bfc062723c751e8b465ee728b)
Start importing Assets/Sprites/Water/Water_tiles_146 1.asset using Guid(dc6281413fe959f4c80865f4ea9718a3) Importer(815301076,1909f56bfc062723c751e8b465ee728b) (PreviewImporter) -> (artifact id: 'f093f899a1b317dd76683c9b571dc3bc') in 0.0105801 seconds
Number of updated asset objects reloaded before import = 0Number of asset objects unloaded after import = 3

========================================================================
Received Import Request.
  Time since last request: 0.000029 seconds.
  path: Assets/Sprites/Water/Water_tiles_149 1.asset
  artifactKey: Guid(b83ec2c8da278d64bbf8f0ce45c6916d) Importer(815301076,1909f56bfc062723c751e8b465ee728b)
Start importing Assets/Sprites/Water/Water_tiles_149 1.asset using Guid(b83ec2c8da278d64bbf8f0ce45c6916d) Importer(815301076,1909f56bfc062723c751e8b465ee728b) (PreviewImporter) -> (artifact id: 'cbadaf522233d9a8611b6a67498f950f') in 0.01653 seconds
Number of updated asset objects reloaded before import = 0Number of asset objects unloaded after import = 3

========================================================================
Received Import Request.
  Time since last request: 0.000028 seconds.
  path: Assets/Sprites/Water/Water_tiles_122 1.asset
  artifactKey: Guid(aa3c22c69d4548643af89cab3f41d915) Importer(815301076,1909f56bfc062723c751e8b465ee728b)
Start importing Assets/Sprites/Water/Water_tiles_122 1.asset using Guid(aa3c22c69d4548643af89cab3f41d915) Importer(815301076,1909f56bfc062723c751e8b465ee728b) (PreviewImporter) -> (artifact id: 'ffb18e0b575f66ad3bb4fcc7b7de671e') in 0.0093878 seconds
Number of updated asset objects reloaded before import = 0Number of asset objects unloaded after import = 3

========================================================================
Received Import Request.
  Time since last request: 0.000034 seconds.
  path: Assets/Sprites/Water/Water_tiles_139 1.asset
  artifactKey: Guid(43e8d90321f389346a5de9b4275149d5) Importer(815301076,1909f56bfc062723c751e8b465ee728b)
Start importing Assets/Sprites/Water/Water_tiles_139 1.asset using Guid(43e8d90321f389346a5de9b4275149d5) Importer(815301076,1909f56bfc062723c751e8b465ee728b) (PreviewImporter) -> (artifact id: 'a2f97f148346f7933f24d1a4313961fb') in 0.0102483 seconds
Number of updated asset objects reloaded before import = 0Number of asset objects unloaded after import = 3

========================================================================
Received Import Request.
  Time since last request: 0.000032 seconds.
  path: Assets/Sprites/Water/Water_tiles_143 1.asset
  artifactKey: Guid(261ca7594ea1dd64bacbffa97101d87a) Importer(815301076,1909f56bfc062723c751e8b465ee728b)
Start importing Assets/Sprites/Water/Water_tiles_143 1.asset using Guid(261ca7594ea1dd64bacbffa97101d87a) Importer(815301076,1909f56bfc062723c751e8b465ee728b) (PreviewImporter) -> (artifact id: '5c9e5d3132146d7101ef8654404fc097') in 0.0092914 seconds
Number of updated asset objects reloaded before import = 0Number of asset objects unloaded after import = 3

========================================================================
Received Import Request.
  Time since last request: 0.000022 seconds.
  path: Assets/Sprites/Water/Water_tiles_127 1.asset
  artifactKey: Guid(2e440f90d49e5ac448023e0cf83ea83c) Importer(815301076,1909f56bfc062723c751e8b465ee728b)
Start importing Assets/Sprites/Water/Water_tiles_127 1.asset using Guid(2e440f90d49e5ac448023e0cf83ea83c) Importer(815301076,1909f56bfc062723c751e8b465ee728b) (PreviewImporter) -> (artifact id: 'dc00506065962cb93d95f7b4b3263880') in 0.0228813 seconds
Number of updated asset objects reloaded before import = 0Number of asset objects unloaded after import = 3

========================================================================
Received Import Request.
  Time since last request: 0.000031 seconds.
  path: Assets/Sprites/Water/Water_tiles_121 1.asset
  artifactKey: Guid(aba3cba2a10faae45814ef8dd015308d) Importer(815301076,1909f56bfc062723c751e8b465ee728b)
Start importing Assets/Sprites/Water/Water_tiles_121 1.asset using Guid(aba3cba2a10faae45814ef8dd015308d) Importer(815301076,1909f56bfc062723c751e8b465ee728b) (PreviewImporter) -> (artifact id: '70e9d8391c9e10b2808dd4794d83a370') in 0.0301114 seconds
Number of updated asset objects reloaded before import = 0Number of asset objects unloaded after import = 3

========================================================================
Received Import Request.
  Time since last request: 0.000033 seconds.
  path: Assets/Sprites/Water/Water_tiles_125 1.asset
  artifactKey: Guid(e61dd59e887d2164e974159c04ebd7f4) Importer(815301076,1909f56bfc062723c751e8b465ee728b)
Start importing Assets/Sprites/Water/Water_tiles_125 1.asset using Guid(e61dd59e887d2164e974159c04ebd7f4) Importer(815301076,1909f56bfc062723c751e8b465ee728b) (PreviewImporter) -> (artifact id: '6595910235d38a140555b0c0afed56bc') in 0.0107811 seconds
Number of updated asset objects reloaded before import = 0Number of asset objects unloaded after import = 3

========================================================================
Received Import Request.
  Time since last request: 2.531686 seconds.
  path: Assets/Sprites/Water/Water_tiles_158 1.asset
  artifactKey: Guid(b7e1707481253b243ac62332731486db) Importer(815301076,1909f56bfc062723c751e8b465ee728b)
Start importing Assets/Sprites/Water/Water_tiles_158 1.asset using Guid(b7e1707481253b243ac62332731486db) Importer(815301076,1909f56bfc062723c751e8b465ee728b) (PreviewImporter) -> (artifact id: 'f20a1b5a08de8d544ccb84716acd019e') in 0.0237636 seconds
Number of updated asset objects reloaded before import = 0Number of asset objects unloaded after import = 3

========================================================================
Received Import Request.
  Time since last request: 0.000030 seconds.
  path: Assets/Sprites/Water/Water_tiles_169 1.asset
  artifactKey: Guid(31f47d89d91e8c14e9629be72193fe20) Importer(815301076,1909f56bfc062723c751e8b465ee728b)
Start importing Assets/Sprites/Water/Water_tiles_169 1.asset using Guid(31f47d89d91e8c14e9629be72193fe20) Importer(815301076,1909f56bfc062723c751e8b465ee728b) (PreviewImporter) -> (artifact id: 'f707c3428280da98fd607b50828e2ea7') in 0.0137523 seconds
Number of updated asset objects reloaded before import = 0Number of asset objects unloaded after import = 3

========================================================================
Received Import Request.
  Time since last request: 0.166540 seconds.
  path: Assets/Sprites/Water/Water_tiles_171 1.asset
  artifactKey: Guid(3aafc62af50e9cb46bf7d6f9ff0a33ea) Importer(815301076,1909f56bfc062723c751e8b465ee728b)
Start importing Assets/Sprites/Water/Water_tiles_171 1.asset using Guid(3aafc62af50e9cb46bf7d6f9ff0a33ea) Importer(815301076,1909f56bfc062723c751e8b465ee728b) (PreviewImporter) -> (artifact id: '14a43c44b3422ee8e449c2d7b93fa3f4') in 0.0172571 seconds
Number of updated asset objects reloaded before import = 0Number of asset objects unloaded after import = 3

========================================================================
Received Import Request.
  Time since last request: 0.000022 seconds.
  path: Assets/Sprites/Water/Water_tiles_180 1.asset
  artifactKey: Guid(509bac96e9563864787f624efd89b848) Importer(815301076,1909f56bfc062723c751e8b465ee728b)
Start importing Assets/Sprites/Water/Water_tiles_180 1.asset using Guid(509bac96e9563864787f624efd89b848) Importer(815301076,1909f56bfc062723c751e8b465ee728b) (PreviewImporter) -> (artifact id: '411717fe57d0c330065b8f4c9880497c') in 0.0081262 seconds
Number of updated asset objects reloaded before import = 0Number of asset objects unloaded after import = 3

========================================================================
Received Import Request.
  Time since last request: 0.009149 seconds.
  path: Assets/Sprites/Water/Water_tiles_184 1.asset
  artifactKey: Guid(92d4cd48a938a2e4682812dd1346fb2e) Importer(815301076,1909f56bfc062723c751e8b465ee728b)
Start importing Assets/Sprites/Water/Water_tiles_184 1.asset using Guid(92d4cd48a938a2e4682812dd1346fb2e) Importer(815301076,1909f56bfc062723c751e8b465ee728b) (PreviewImporter) -> (artifact id: '118fb8587733842039708a304fc63e7e') in 0.0153768 seconds
Number of updated asset objects reloaded before import = 0Number of asset objects unloaded after import = 3

========================================================================
Received Import Request.
  Time since last request: 0.000018 seconds.
  path: Assets/Sprites/Water/Water_tiles_192 1.asset
  artifactKey: Guid(0295d067d6853354fa9a67e1ad815100) Importer(815301076,1909f56bfc062723c751e8b465ee728b)
Start importing Assets/Sprites/Water/Water_tiles_192 1.asset using Guid(0295d067d6853354fa9a67e1ad815100) Importer(815301076,1909f56bfc062723c751e8b465ee728b) (PreviewImporter) -> (artifact id: '7eb9c70b053bb0e0f06ff76426906089') in 0.0212067 seconds
Number of updated asset objects reloaded before import = 0Number of asset objects unloaded after import = 3

========================================================================
Received Import Request.
  Time since last request: 0.152541 seconds.
  path: Assets/Sprites/Water/Water_tiles_197 1.asset
  artifactKey: Guid(0b72aaace5cb18641b0b8783fcf21673) Importer(815301076,1909f56bfc062723c751e8b465ee728b)
Start importing Assets/Sprites/Water/Water_tiles_197 1.asset using Guid(0b72aaace5cb18641b0b8783fcf21673) Importer(815301076,1909f56bfc062723c751e8b465ee728b) (PreviewImporter) -> (artifact id: 'b3575006f47eb3610abb757cdd2d8f52') in 0.0160175 seconds
Number of updated asset objects reloaded before import = 0Number of asset objects unloaded after import = 3

========================================================================
Received Import Request.
  Time since last request: 0.000025 seconds.
  path: Assets/Sprites/Water/Water_tiles_203 1.asset
  artifactKey: Guid(bcb0c0fd06533d947ad417e80ce6187b) Importer(815301076,1909f56bfc062723c751e8b465ee728b)
Start importing Assets/Sprites/Water/Water_tiles_203 1.asset using Guid(bcb0c0fd06533d947ad417e80ce6187b) Importer(815301076,1909f56bfc062723c751e8b465ee728b) (PreviewImporter) -> (artifact id: '56d50ad24aefc6fcf65c3d24b6f26cf6') in 0.0085996 seconds
Number of updated asset objects reloaded before import = 0Number of asset objects unloaded after import = 3

========================================================================
Received Import Request.
  Time since last request: 169.688284 seconds.
  path: Assets/Sprites/Water/Water2/Water_tiles_0.asset
  artifactKey: Guid(983d7ad6c919feb46ab9ee0588addd46) Importer(815301076,1909f56bfc062723c751e8b465ee728b)
Start importing Assets/Sprites/Water/Water2/Water_tiles_0.asset using Guid(983d7ad6c919feb46ab9ee0588addd46) Importer(815301076,1909f56bfc062723c751e8b465ee728b) (PreviewImporter) -> (artifact id: '11e8a2eaf199223d5e53e5980ed95e84') in 0.0149899 seconds
Number of updated asset objects reloaded before import = 0Number of asset objects unloaded after import = 3

========================================================================
Received Import Request.
  Time since last request: 0.000036 seconds.
  path: Assets/Sprites/Water/Water2/Water_tiles_2.asset
  artifactKey: Guid(9beeb0fe9267b814c8c2b8dde7921805) Importer(815301076,1909f56bfc062723c751e8b465ee728b)
Start importing Assets/Sprites/Water/Water2/Water_tiles_2.asset using Guid(9beeb0fe9267b814c8c2b8dde7921805) Importer(815301076,1909f56bfc062723c751e8b465ee728b) (PreviewImporter) -> (artifact id: '76c9bd97b6614308aaca9ae127feb1ad') in 0.0166444 seconds
Number of updated asset objects reloaded before import = 0Number of asset objects unloaded after import = 3

========================================================================
Received Import Request.
  Time since last request: 0.000025 seconds.
  path: Assets/Sprites/Water/Water2/Water_tiles_14.asset
  artifactKey: Guid(6b2c120d329130344ad963318de25226) Importer(815301076,1909f56bfc062723c751e8b465ee728b)
Start importing Assets/Sprites/Water/Water2/Water_tiles_14.asset using Guid(6b2c120d329130344ad963318de25226) Importer(815301076,1909f56bfc062723c751e8b465ee728b) (PreviewImporter) -> (artifact id: 'f74566f3ec58f69f421d8e9095489bad') in 0.0168426 seconds
Number of updated asset objects reloaded before import = 0Number of asset objects unloaded after import = 3

========================================================================
Received Import Request.
  Time since last request: 0.000026 seconds.
  path: Assets/Sprites/Water/Water2/Water_tiles_32.asset
  artifactKey: Guid(3ff74f7d20ef67449945d3d3f8990a8f) Importer(815301076,1909f56bfc062723c751e8b465ee728b)
Start importing Assets/Sprites/Water/Water2/Water_tiles_32.asset using Guid(3ff74f7d20ef67449945d3d3f8990a8f) Importer(815301076,1909f56bfc062723c751e8b465ee728b) (PreviewImporter) -> (artifact id: 'dd642a63e24966fb610a00d891ecdea4') in 0.023183 seconds
Number of updated asset objects reloaded before import = 0Number of asset objects unloaded after import = 3

========================================================================
Received Import Request.
  Time since last request: 0.000028 seconds.
  path: Assets/Sprites/Water/Water2/Water_tiles_17.asset
  artifactKey: Guid(e0aab09434b9bd24ea25a16538c1b928) Importer(815301076,1909f56bfc062723c751e8b465ee728b)
Start importing Assets/Sprites/Water/Water2/Water_tiles_17.asset using Guid(e0aab09434b9bd24ea25a16538c1b928) Importer(815301076,1909f56bfc062723c751e8b465ee728b) (PreviewImporter) -> (artifact id: '6ae83ff21c28a5e1f440e29799d4a88a') in 0.0251291 seconds
Number of updated asset objects reloaded before import = 0Number of asset objects unloaded after import = 3

========================================================================
Received Import Request.
  Time since last request: 0.000040 seconds.
  path: Assets/Sprites/Water/Water2/Water_tiles_33.asset
  artifactKey: Guid(bf2a8cdaf46e5f2489e3222c1a809106) Importer(815301076,1909f56bfc062723c751e8b465ee728b)
Start importing Assets/Sprites/Water/Water2/Water_tiles_33.asset using Guid(bf2a8cdaf46e5f2489e3222c1a809106) Importer(815301076,1909f56bfc062723c751e8b465ee728b) (PreviewImporter) -> (artifact id: '2d08452378ae30386ca026d3aa7daa3e') in 0.0181947 seconds
Number of updated asset objects reloaded before import = 0Number of asset objects unloaded after import = 3

========================================================================
Received Import Request.
  Time since last request: 0.000027 seconds.
  path: Assets/Sprites/Water/Water2/Water_tiles_43.asset
  artifactKey: Guid(09cbbb8001d1d734ca618c84a7f5469f) Importer(815301076,1909f56bfc062723c751e8b465ee728b)
Start importing Assets/Sprites/Water/Water2/Water_tiles_43.asset using Guid(09cbbb8001d1d734ca618c84a7f5469f) Importer(815301076,1909f56bfc062723c751e8b465ee728b) (PreviewImporter) -> (artifact id: '1b2d54a462e6eaaa1f9876fc15e2b11f') in 0.0212124 seconds
Number of updated asset objects reloaded before import = 0Number of asset objects unloaded after import = 3

========================================================================
Received Import Request.
  Time since last request: 0.000030 seconds.
  path: Assets/Sprites/Water/Water2/Water_tiles_21.asset
  artifactKey: Guid(78a1cc9674cdb1347a90ded626371934) Importer(815301076,1909f56bfc062723c751e8b465ee728b)
Start importing Assets/Sprites/Water/Water2/Water_tiles_21.asset using Guid(78a1cc9674cdb1347a90ded626371934) Importer(815301076,1909f56bfc062723c751e8b465ee728b) (PreviewImporter) -> (artifact id: '8eaee14940b1ad981052c48dbdb9a435') in 0.0213378 seconds
Number of updated asset objects reloaded before import = 0Number of asset objects unloaded after import = 3

========================================================================
Received Import Request.
  Time since last request: 0.000042 seconds.
  path: Assets/Sprites/Water/Water2/Water_tiles_60.asset
  artifactKey: Guid(865b17687ac33fe42a77f35fc19f77fc) Importer(815301076,1909f56bfc062723c751e8b465ee728b)
Start importing Assets/Sprites/Water/Water2/Water_tiles_60.asset using Guid(865b17687ac33fe42a77f35fc19f77fc) Importer(815301076,1909f56bfc062723c751e8b465ee728b) (PreviewImporter) -> (artifact id: '5f35a5237f2f21c22013a4f67d9e1388') in 0.019568 seconds
Number of updated asset objects reloaded before import = 0Number of asset objects unloaded after import = 3

========================================================================
Received Import Request.
  Time since last request: 0.000027 seconds.
  path: Assets/Sprites/Water/Water2/Water_tiles_10.asset
  artifactKey: Guid(cb12cf8c42e04e4458b303173d7384ac) Importer(815301076,1909f56bfc062723c751e8b465ee728b)
Start importing Assets/Sprites/Water/Water2/Water_tiles_10.asset using Guid(cb12cf8c42e04e4458b303173d7384ac) Importer(815301076,1909f56bfc062723c751e8b465ee728b) (PreviewImporter) -> (artifact id: '21324b3e374764b081ee87f9fe5f00a9') in 0.0193376 seconds
Number of updated asset objects reloaded before import = 0Number of asset objects unloaded after import = 3

========================================================================
Received Import Request.
  Time since last request: 0.000050 seconds.
  path: Assets/Sprites/Water/Water2/Water_tiles_20.asset
  artifactKey: Guid(9d40dc90dd164b041994713556905d25) Importer(815301076,1909f56bfc062723c751e8b465ee728b)
Start importing Assets/Sprites/Water/Water2/Water_tiles_20.asset using Guid(9d40dc90dd164b041994713556905d25) Importer(815301076,1909f56bfc062723c751e8b465ee728b) (PreviewImporter) -> (artifact id: '7335e05548372acf40e91a5526cf4af1') in 0.0088542 seconds
Number of updated asset objects reloaded before import = 0Number of asset objects unloaded after import = 3

========================================================================
Received Import Request.
  Time since last request: 0.000038 seconds.
  path: Assets/Sprites/Water/Water2/Water_tiles_19.asset
  artifactKey: Guid(97bc5d57d19cc4c40a41ed036f4dc7c3) Importer(815301076,1909f56bfc062723c751e8b465ee728b)
Start importing Assets/Sprites/Water/Water2/Water_tiles_19.asset using Guid(97bc5d57d19cc4c40a41ed036f4dc7c3) Importer(815301076,1909f56bfc062723c751e8b465ee728b) (PreviewImporter) -> (artifact id: '90f022955dcd2451eb505ecf291a3419') in 0.0222935 seconds
Number of updated asset objects reloaded before import = 0Number of asset objects unloaded after import = 3

========================================================================
Received Import Request.
  Time since last request: 0.000024 seconds.
  path: Assets/Sprites/Water/Water2/Water_tiles_4.asset
  artifactKey: Guid(d1be2f86dcf131b44b45a0ea824f23ad) Importer(815301076,1909f56bfc062723c751e8b465ee728b)
Start importing Assets/Sprites/Water/Water2/Water_tiles_4.asset using Guid(d1be2f86dcf131b44b45a0ea824f23ad) Importer(815301076,1909f56bfc062723c751e8b465ee728b) (PreviewImporter) -> (artifact id: 'ad1c0b970b27a4037b504d41e308b127') in 0.0157182 seconds
Number of updated asset objects reloaded before import = 0Number of asset objects unloaded after import = 3

========================================================================
Received Import Request.
  Time since last request: 0.000027 seconds.
  path: Assets/Sprites/Water/Water2/Water_tiles_18.asset
  artifactKey: Guid(00a8014fe38a70b45835af425870cdde) Importer(815301076,1909f56bfc062723c751e8b465ee728b)
Start importing Assets/Sprites/Water/Water2/Water_tiles_18.asset using Guid(00a8014fe38a70b45835af425870cdde) Importer(815301076,1909f56bfc062723c751e8b465ee728b) (PreviewImporter) -> (artifact id: 'fb4fc2a265917ac52f418cff654506d8') in 0.0131322 seconds
Number of updated asset objects reloaded before import = 0Number of asset objects unloaded after import = 3

========================================================================
Received Import Request.
  Time since last request: 0.000028 seconds.
  path: Assets/Sprites/Water/Water2/Water_tiles_5.asset
  artifactKey: Guid(56981a976d0a2f441972c29dcc89a87a) Importer(815301076,1909f56bfc062723c751e8b465ee728b)
Start importing Assets/Sprites/Water/Water2/Water_tiles_5.asset using Guid(56981a976d0a2f441972c29dcc89a87a) Importer(815301076,1909f56bfc062723c751e8b465ee728b) (PreviewImporter) -> (artifact id: 'b3ac5c6b7578d96e30de50cc4400bec2') in 0.0142757 seconds
Number of updated asset objects reloaded before import = 0Number of asset objects unloaded after import = 3

========================================================================
Received Import Request.
  Time since last request: 0.000026 seconds.
  path: Assets/Sprites/Water/Water2/Water_tiles_49.asset
  artifactKey: Guid(4a76508816a2f064e968c39db36a3d4f) Importer(815301076,1909f56bfc062723c751e8b465ee728b)
Start importing Assets/Sprites/Water/Water2/Water_tiles_49.asset using Guid(4a76508816a2f064e968c39db36a3d4f) Importer(815301076,1909f56bfc062723c751e8b465ee728b) (PreviewImporter) -> (artifact id: '803067ba6c501f8e5f99922db0672176') in 0.0136286 seconds
Number of updated asset objects reloaded before import = 0Number of asset objects unloaded after import = 3

========================================================================
Received Import Request.
  Time since last request: 0.000040 seconds.
  path: Assets/Sprites/Water/Water2/Water_tiles_48.asset
  artifactKey: Guid(bdd2f2b173c67624c9096e480485be6f) Importer(815301076,1909f56bfc062723c751e8b465ee728b)
Start importing Assets/Sprites/Water/Water2/Water_tiles_48.asset using Guid(bdd2f2b173c67624c9096e480485be6f) Importer(815301076,1909f56bfc062723c751e8b465ee728b) (PreviewImporter) -> (artifact id: '88dee54a6df4fac5e01b4e6e0c48b060') in 0.0149877 seconds
Number of updated asset objects reloaded before import = 0Number of asset objects unloaded after import = 3

========================================================================
Received Import Request.
  Time since last request: 0.000039 seconds.
  path: Assets/Sprites/Water/Water2/Water_tiles_23.asset
  artifactKey: Guid(587dcd1a3c750014e8e5fb2ff7ed3125) Importer(815301076,1909f56bfc062723c751e8b465ee728b)
Start importing Assets/Sprites/Water/Water2/Water_tiles_23.asset using Guid(587dcd1a3c750014e8e5fb2ff7ed3125) Importer(815301076,1909f56bfc062723c751e8b465ee728b) (PreviewImporter) -> (artifact id: '7ab1db53b06c70177cb89f8b7eba4d7b') in 0.0140154 seconds
Number of updated asset objects reloaded before import = 0Number of asset objects unloaded after import = 3

========================================================================
Received Import Request.
  Time since last request: 0.000026 seconds.
  path: Assets/Sprites/Water/Water2/Water_tiles_46.asset
  artifactKey: Guid(a0b3003060e2e5a40bd4372a4fa0c75a) Importer(815301076,1909f56bfc062723c751e8b465ee728b)
Start importing Assets/Sprites/Water/Water2/Water_tiles_46.asset using Guid(a0b3003060e2e5a40bd4372a4fa0c75a) Importer(815301076,1909f56bfc062723c751e8b465ee728b) (PreviewImporter) -> (artifact id: '190019348c03f12a3a25c5cf8b3ba35b') in 0.0067591 seconds
Number of updated asset objects reloaded before import = 0Number of asset objects unloaded after import = 3

========================================================================
Received Import Request.
  Time since last request: 0.000039 seconds.
  path: Assets/Sprites/Water/Water2/Water_tiles_24.asset
  artifactKey: Guid(0715fd93f42fb574eb3afae513715257) Importer(815301076,1909f56bfc062723c751e8b465ee728b)
Start importing Assets/Sprites/Water/Water2/Water_tiles_24.asset using Guid(0715fd93f42fb574eb3afae513715257) Importer(815301076,1909f56bfc062723c751e8b465ee728b) (PreviewImporter) -> (artifact id: 'fe49b81f82145b8b493f6e72a18865e5') in 0.0089477 seconds
Number of updated asset objects reloaded before import = 0Number of asset objects unloaded after import = 3

========================================================================
Received Import Request.
  Time since last request: 0.000023 seconds.
  path: Assets/Sprites/Water/Water2/Water_tiles_62.asset
  artifactKey: Guid(cb7ec19fc8226d240a30944a0ccf3acd) Importer(815301076,1909f56bfc062723c751e8b465ee728b)
Start importing Assets/Sprites/Water/Water2/Water_tiles_62.asset using Guid(cb7ec19fc8226d240a30944a0ccf3acd) Importer(815301076,1909f56bfc062723c751e8b465ee728b) (PreviewImporter) -> (artifact id: 'c387fb70d31770a000c2cc9ce6c2d66f') in 0.0071072 seconds
Number of updated asset objects reloaded before import = 0Number of asset objects unloaded after import = 3

========================================================================
Received Import Request.
  Time since last request: 0.000023 seconds.
  path: Assets/Sprites/Water/Water2/Water_tiles_38.asset
  artifactKey: Guid(3b010d79aa2fef04ab61d735e1324515) Importer(815301076,1909f56bfc062723c751e8b465ee728b)
Start importing Assets/Sprites/Water/Water2/Water_tiles_38.asset using Guid(3b010d79aa2fef04ab61d735e1324515) Importer(815301076,1909f56bfc062723c751e8b465ee728b) (PreviewImporter) -> (artifact id: 'fee63bbc81a5ff68063d3310cceb6d46') in 0.0069483 seconds
Number of updated asset objects reloaded before import = 0Number of asset objects unloaded after import = 3

========================================================================
Received Import Request.
  Time since last request: 0.000023 seconds.
  path: Assets/Sprites/Water/Water2/Water_tiles_44.asset
  artifactKey: Guid(d45b3eff5916ed7459b3c8f98433a495) Importer(815301076,1909f56bfc062723c751e8b465ee728b)
Start importing Assets/Sprites/Water/Water2/Water_tiles_44.asset using Guid(d45b3eff5916ed7459b3c8f98433a495) Importer(815301076,1909f56bfc062723c751e8b465ee728b) (PreviewImporter) -> (artifact id: '069c402c3a3308bccd6bcbb53a30406f') in 0.0066067 seconds
Number of updated asset objects reloaded before import = 0Number of asset objects unloaded after import = 3

========================================================================
Received Import Request.
  Time since last request: 0.000039 seconds.
  path: Assets/Sprites/Water/Water2/Water_tiles_56.asset
  artifactKey: Guid(a0dd4941758188043a16ad151ca4c880) Importer(815301076,1909f56bfc062723c751e8b465ee728b)
Start importing Assets/Sprites/Water/Water2/Water_tiles_56.asset using Guid(a0dd4941758188043a16ad151ca4c880) Importer(815301076,1909f56bfc062723c751e8b465ee728b) (PreviewImporter) -> (artifact id: '2847b5b0784e4d53150163aa33e5f6b9') in 0.0092136 seconds
Number of updated asset objects reloaded before import = 0Number of asset objects unloaded after import = 3

========================================================================
Received Import Request.
  Time since last request: 0.000022 seconds.
  path: Assets/Sprites/Water/Water2/Water_tiles_30.asset
  artifactKey: Guid(5f8782bf3b9db594f8f7bcedb9b2e785) Importer(815301076,1909f56bfc062723c751e8b465ee728b)
Start importing Assets/Sprites/Water/Water2/Water_tiles_30.asset using Guid(5f8782bf3b9db594f8f7bcedb9b2e785) Importer(815301076,1909f56bfc062723c751e8b465ee728b) (PreviewImporter) -> (artifact id: '77e3e011729edb95b10d9c465961fb65') in 0.0171671 seconds
Number of updated asset objects reloaded before import = 0Number of asset objects unloaded after import = 3

========================================================================
Received Import Request.
  Time since last request: 0.000027 seconds.
  path: Assets/Sprites/Water/Water2/Water_tiles_58.asset
  artifactKey: Guid(63fa28de24c7c4b4e830d3222eebb2c8) Importer(815301076,1909f56bfc062723c751e8b465ee728b)
Start importing Assets/Sprites/Water/Water2/Water_tiles_58.asset using Guid(63fa28de24c7c4b4e830d3222eebb2c8) Importer(815301076,1909f56bfc062723c751e8b465ee728b) (PreviewImporter) -> (artifact id: '0cd83f5e14bde989b24321351dbc2200') in 0.0131696 seconds
Number of updated asset objects reloaded before import = 0Number of asset objects unloaded after import = 3

========================================================================
Received Import Request.
  Time since last request: 0.000024 seconds.
  path: Assets/Sprites/Water/Water2/Water_tiles_15.asset
  artifactKey: Guid(fa8b971d72e52da498676ea77bec6def) Importer(815301076,1909f56bfc062723c751e8b465ee728b)
Start importing Assets/Sprites/Water/Water2/Water_tiles_15.asset using Guid(fa8b971d72e52da498676ea77bec6def) Importer(815301076,1909f56bfc062723c751e8b465ee728b) (PreviewImporter) -> (artifact id: '624346d21c215b6e5893ba2505788837') in 0.0159995 seconds
Number of updated asset objects reloaded before import = 0Number of asset objects unloaded after import = 3

========================================================================
Received Import Request.
  Time since last request: 0.000022 seconds.
  path: Assets/Sprites/Water/Water2/Water_tiles_47.asset
  artifactKey: Guid(3d0226f274473c549a17d972879d9702) Importer(815301076,1909f56bfc062723c751e8b465ee728b)
Start importing Assets/Sprites/Water/Water2/Water_tiles_47.asset using Guid(3d0226f274473c549a17d972879d9702) Importer(815301076,1909f56bfc062723c751e8b465ee728b) (PreviewImporter) -> (artifact id: 'df0d24782670a54926dbe75783913896') in 0.0202262 seconds
Number of updated asset objects reloaded before import = 0Number of asset objects unloaded after import = 3

========================================================================
Received Import Request.
  Time since last request: 0.000043 seconds.
  path: Assets/Sprites/Water/Water2/Water_tiles_53.asset
  artifactKey: Guid(13ead86a52d410a409c97a22a2cef11a) Importer(815301076,1909f56bfc062723c751e8b465ee728b)
Start importing Assets/Sprites/Water/Water2/Water_tiles_53.asset using Guid(13ead86a52d410a409c97a22a2cef11a) Importer(815301076,1909f56bfc062723c751e8b465ee728b) (PreviewImporter) -> (artifact id: '0bcde5b80df72f1e00eb5900b93da290') in 0.0220992 seconds
Number of updated asset objects reloaded before import = 0Number of asset objects unloaded after import = 3

========================================================================
Received Import Request.
  Time since last request: 0.000024 seconds.
  path: Assets/Sprites/Water/Water2/Water_tiles_37.asset
  artifactKey: Guid(5eae9e72fe630e64e98426f1b1136ede) Importer(815301076,1909f56bfc062723c751e8b465ee728b)
Start importing Assets/Sprites/Water/Water2/Water_tiles_37.asset using Guid(5eae9e72fe630e64e98426f1b1136ede) Importer(815301076,1909f56bfc062723c751e8b465ee728b) (PreviewImporter) -> (artifact id: 'ed1823a9605a24f662343c5ad90ce7fd') in 0.0141238 seconds
Number of updated asset objects reloaded before import = 0Number of asset objects unloaded after import = 3

========================================================================
Received Import Request.
  Time since last request: 0.000025 seconds.
  path: Assets/Sprites/Water/Water2/Water_tiles_40.asset
  artifactKey: Guid(9317bd9de2d10d4448db215bfd399a40) Importer(815301076,1909f56bfc062723c751e8b465ee728b)
Start importing Assets/Sprites/Water/Water2/Water_tiles_40.asset using Guid(9317bd9de2d10d4448db215bfd399a40) Importer(815301076,1909f56bfc062723c751e8b465ee728b) (PreviewImporter) -> (artifact id: 'be2acbae76225c3c5469a17277a6fbc2') in 0.007457 seconds
Number of updated asset objects reloaded before import = 0Number of asset objects unloaded after import = 3

========================================================================
Received Import Request.
  Time since last request: 0.000027 seconds.
  path: Assets/Sprites/Water/Water2/Water_tiles_34.asset
  artifactKey: Guid(079010f85c6544e4598fd1de0b448fe9) Importer(815301076,1909f56bfc062723c751e8b465ee728b)
Start importing Assets/Sprites/Water/Water2/Water_tiles_34.asset using Guid(079010f85c6544e4598fd1de0b448fe9) Importer(815301076,1909f56bfc062723c751e8b465ee728b) (PreviewImporter) -> (artifact id: '0a2e04f74d5100d6245e7ec55351c55e') in 0.0086474 seconds
Number of updated asset objects reloaded before import = 0Number of asset objects unloaded after import = 3

========================================================================
Received Import Request.
  Time since last request: 0.000023 seconds.
  path: Assets/Sprites/Water/Water2/Water_tiles_42.asset
  artifactKey: Guid(bccc893cb468e7f478451b55dad8a660) Importer(815301076,1909f56bfc062723c751e8b465ee728b)
Start importing Assets/Sprites/Water/Water2/Water_tiles_42.asset using Guid(bccc893cb468e7f478451b55dad8a660) Importer(815301076,1909f56bfc062723c751e8b465ee728b) (PreviewImporter) -> (artifact id: '323c9ac0dbd05dbf76170d5dc18fa9c1') in 0.0143605 seconds
Number of updated asset objects reloaded before import = 0Number of asset objects unloaded after import = 3

========================================================================
Received Import Request.
  Time since last request: 0.000031 seconds.
  path: Assets/Sprites/Water/Water2/Water_tiles_3.asset
  artifactKey: Guid(23774778a9713d643a1ae415e40fd367) Importer(815301076,1909f56bfc062723c751e8b465ee728b)
Start importing Assets/Sprites/Water/Water2/Water_tiles_3.asset using Guid(23774778a9713d643a1ae415e40fd367) Importer(815301076,1909f56bfc062723c751e8b465ee728b) (PreviewImporter) -> (artifact id: '7ab839005e41ed3e0482160926f6e70b') in 0.0094708 seconds
Number of updated asset objects reloaded before import = 0Number of asset objects unloaded after import = 3

========================================================================
Received Import Request.
  Time since last request: 0.000035 seconds.
  path: Assets/Sprites/Water/Water2/Water_tiles_36.asset
  artifactKey: Guid(841fc98d67d95de43a5bdd1ccc8cd24a) Importer(815301076,1909f56bfc062723c751e8b465ee728b)
Start importing Assets/Sprites/Water/Water2/Water_tiles_36.asset using Guid(841fc98d67d95de43a5bdd1ccc8cd24a) Importer(815301076,1909f56bfc062723c751e8b465ee728b) (PreviewImporter) -> (artifact id: 'c7d47dae2e008780692226e7f53ff155') in 0.0165987 seconds
Number of updated asset objects reloaded before import = 0Number of asset objects unloaded after import = 3

========================================================================
Received Import Request.
  Time since last request: 0.000036 seconds.
  path: Assets/Sprites/Water/Water2/Water_tiles_61.asset
  artifactKey: Guid(ef8c6fe266155054f85a5340e03f7912) Importer(815301076,1909f56bfc062723c751e8b465ee728b)
Start importing Assets/Sprites/Water/Water2/Water_tiles_61.asset using Guid(ef8c6fe266155054f85a5340e03f7912) Importer(815301076,1909f56bfc062723c751e8b465ee728b) (PreviewImporter) -> (artifact id: '20db710afae32b879bf511c3d4a7fff0') in 0.0091702 seconds
Number of updated asset objects reloaded before import = 0Number of asset objects unloaded after import = 3

========================================================================
Received Import Request.
  Time since last request: 2.787030 seconds.
  path: Assets/Sprites/Water/Water2/Water_tiles_66.asset
  artifactKey: Guid(e5035e763f0bf154bb825e235533aca5) Importer(815301076,1909f56bfc062723c751e8b465ee728b)
Start importing Assets/Sprites/Water/Water2/Water_tiles_66.asset using Guid(e5035e763f0bf154bb825e235533aca5) Importer(815301076,1909f56bfc062723c751e8b465ee728b) (PreviewImporter) -> (artifact id: 'de101ca00c694150f18a2fe75c0a7a1d') in 0.0177023 seconds
Number of updated asset objects reloaded before import = 0Number of asset objects unloaded after import = 3

========================================================================
Received Import Request.
  Time since last request: 0.000041 seconds.
  path: Assets/Sprites/Water/Water2/Water_tiles_75.asset
  artifactKey: Guid(2cf5c6730075cd14f876ee5f02573cb4) Importer(815301076,1909f56bfc062723c751e8b465ee728b)
Start importing Assets/Sprites/Water/Water2/Water_tiles_75.asset using Guid(2cf5c6730075cd14f876ee5f02573cb4) Importer(815301076,1909f56bfc062723c751e8b465ee728b) (PreviewImporter) -> (artifact id: '8cddb88f6403e256961af1791fd47354') in 0.0182375 seconds
Number of updated asset objects reloaded before import = 0Number of asset objects unloaded after import = 3

========================================================================
Received Import Request.
  Time since last request: 0.000029 seconds.
  path: Assets/Sprites/Water/Water2/Water_tiles_79.asset
  artifactKey: Guid(d7ce3a054f86c4c44aace42e695205f7) Importer(815301076,1909f56bfc062723c751e8b465ee728b)
Start importing Assets/Sprites/Water/Water2/Water_tiles_79.asset using Guid(d7ce3a054f86c4c44aace42e695205f7) Importer(815301076,1909f56bfc062723c751e8b465ee728b) (PreviewImporter) -> (artifact id: '1440da9e47e03bed08141069b5b979be') in 0.0172715 seconds
Number of updated asset objects reloaded before import = 0Number of asset objects unloaded after import = 3

========================================================================
Received Import Request.
  Time since last request: 0.000031 seconds.
  path: Assets/Sprites/Water/Water2/Water_tiles_89.asset
  artifactKey: Guid(8224f268728503744b58800814709c7e) Importer(815301076,1909f56bfc062723c751e8b465ee728b)
Start importing Assets/Sprites/Water/Water2/Water_tiles_89.asset using Guid(8224f268728503744b58800814709c7e) Importer(815301076,1909f56bfc062723c751e8b465ee728b) (PreviewImporter) -> (artifact id: '829487615c8ae276b06a64652f7e0abc') in 0.0073809 seconds
Number of updated asset objects reloaded before import = 0Number of asset objects unloaded after import = 3

========================================================================
Received Import Request.
  Time since last request: 0.000046 seconds.
  path: Assets/Sprites/Water/Water2/Water_tiles_97.asset
  artifactKey: Guid(e6758a5f92069f046b991e1d701b6503) Importer(815301076,1909f56bfc062723c751e8b465ee728b)
Start importing Assets/Sprites/Water/Water2/Water_tiles_97.asset using Guid(e6758a5f92069f046b991e1d701b6503) Importer(815301076,1909f56bfc062723c751e8b465ee728b) (PreviewImporter) -> (artifact id: '45f915d0f3d3e58e81fb3d76af52eb95') in 0.0180209 seconds
Number of updated asset objects reloaded before import = 0Number of asset objects unloaded after import = 3

========================================================================
Received Import Request.
  Time since last request: 0.000038 seconds.
  path: Assets/Sprites/Water/Water2/Water_tiles_96.asset
  artifactKey: Guid(163d72fbf2993d34f969a6f2eb515b80) Importer(815301076,1909f56bfc062723c751e8b465ee728b)
Start importing Assets/Sprites/Water/Water2/Water_tiles_96.asset using Guid(163d72fbf2993d34f969a6f2eb515b80) Importer(815301076,1909f56bfc062723c751e8b465ee728b) (PreviewImporter) -> (artifact id: '9fe5c7c4440485704868a251ae5eefd5') in 0.0101569 seconds
Number of updated asset objects reloaded before import = 0Number of asset objects unloaded after import = 3

========================================================================
Received Import Request.
  Time since last request: 0.000042 seconds.
  path: Assets/Sprites/Water/Water2/Water_tiles_90.asset
  artifactKey: Guid(463aa0bcd2652114bb0449b63ce5d54c) Importer(815301076,1909f56bfc062723c751e8b465ee728b)
Start importing Assets/Sprites/Water/Water2/Water_tiles_90.asset using Guid(463aa0bcd2652114bb0449b63ce5d54c) Importer(815301076,1909f56bfc062723c751e8b465ee728b) (PreviewImporter) -> (artifact id: '4f9989a74b189f8ec7def8e6d2d48c7b') in 0.0158664 seconds
Number of updated asset objects reloaded before import = 0Number of asset objects unloaded after import = 3

========================================================================
Received Import Request.
  Time since last request: 0.000028 seconds.
  path: Assets/Sprites/Water/Water2/Water_tiles_116.asset
  artifactKey: Guid(d0f8d28b01b7d464b819d9c1a875eb24) Importer(815301076,1909f56bfc062723c751e8b465ee728b)
Start importing Assets/Sprites/Water/Water2/Water_tiles_116.asset using Guid(d0f8d28b01b7d464b819d9c1a875eb24) Importer(815301076,1909f56bfc062723c751e8b465ee728b) (PreviewImporter) -> (artifact id: '6264abceaccbec1562152e0fe511f885') in 0.0166134 seconds
Number of updated asset objects reloaded before import = 0Number of asset objects unloaded after import = 3

========================================================================
Received Import Request.
  Time since last request: 0.000052 seconds.
  path: Assets/Sprites/Water/Water2/Water_tiles_83.asset
  artifactKey: Guid(6648dbeb2524a6a4d96c22f24171b7c1) Importer(815301076,1909f56bfc062723c751e8b465ee728b)
Start importing Assets/Sprites/Water/Water2/Water_tiles_83.asset using Guid(6648dbeb2524a6a4d96c22f24171b7c1) Importer(815301076,1909f56bfc062723c751e8b465ee728b) (PreviewImporter) -> (artifact id: '9302c55f5896de13fbe545b58b8ced2e') in 0.0080298 seconds
Number of updated asset objects reloaded before import = 0Number of asset objects unloaded after import = 3

========================================================================
Received Import Request.
  Time since last request: 0.000024 seconds.
  path: Assets/Sprites/Water/Water2/Water_tiles_109.asset
  artifactKey: Guid(f6680bd147ca5a04a953fab50bbf22c3) Importer(815301076,1909f56bfc062723c751e8b465ee728b)
Start importing Assets/Sprites/Water/Water2/Water_tiles_109.asset using Guid(f6680bd147ca5a04a953fab50bbf22c3) Importer(815301076,1909f56bfc062723c751e8b465ee728b) (PreviewImporter) -> (artifact id: 'db44f502c3d9c3413800e606904b5ffc') in 0.018479 seconds
Number of updated asset objects reloaded before import = 0Number of asset objects unloaded after import = 3

========================================================================
Received Import Request.
  Time since last request: 0.000025 seconds.
  path: Assets/Sprites/Water/Water2/Water_tiles_73.asset
  artifactKey: Guid(6b22322fc7bcb9343a769166e44ba579) Importer(815301076,1909f56bfc062723c751e8b465ee728b)
Start importing Assets/Sprites/Water/Water2/Water_tiles_73.asset using Guid(6b22322fc7bcb9343a769166e44ba579) Importer(815301076,1909f56bfc062723c751e8b465ee728b) (PreviewImporter) -> (artifact id: '8d57a898c7bb8eabeac4b6f727b1dd80') in 0.0179171 seconds
Number of updated asset objects reloaded before import = 0Number of asset objects unloaded after import = 3

========================================================================
Received Import Request.
  Time since last request: 0.000022 seconds.
  path: Assets/Sprites/Water/Water2/Water_tiles_104.asset
  artifactKey: Guid(592708570116d4d43b43cb5eec941366) Importer(815301076,1909f56bfc062723c751e8b465ee728b)
Start importing Assets/Sprites/Water/Water2/Water_tiles_104.asset using Guid(592708570116d4d43b43cb5eec941366) Importer(815301076,1909f56bfc062723c751e8b465ee728b) (PreviewImporter) -> (artifact id: '0fd1b1327cc593f5b00634e8cf1baf51') in 0.0176121 seconds
Number of updated asset objects reloaded before import = 0Number of asset objects unloaded after import = 3

========================================================================
Received Import Request.
  Time since last request: 0.000036 seconds.
  path: Assets/Sprites/Water/Water2/Water_tiles_77.asset
  artifactKey: Guid(ff2dc4b1f02872e4fa8f56393534ac0b) Importer(815301076,1909f56bfc062723c751e8b465ee728b)
Start importing Assets/Sprites/Water/Water2/Water_tiles_77.asset using Guid(ff2dc4b1f02872e4fa8f56393534ac0b) Importer(815301076,1909f56bfc062723c751e8b465ee728b) (PreviewImporter) -> (artifact id: 'e638b04a9d625b1190b888e034fbed8e') in 0.0092978 seconds
Number of updated asset objects reloaded before import = 0Number of asset objects unloaded after import = 3

========================================================================
Received Import Request.
  Time since last request: 2.333366 seconds.
  path: Assets/Sprites/Water/Water2/Water_tiles_118.asset
  artifactKey: Guid(4058e7a5b8cb98849952fb0150e073d5) Importer(815301076,1909f56bfc062723c751e8b465ee728b)
Start importing Assets/Sprites/Water/Water2/Water_tiles_118.asset using Guid(4058e7a5b8cb98849952fb0150e073d5) Importer(815301076,1909f56bfc062723c751e8b465ee728b) (PreviewImporter) -> (artifact id: 'b393250ef72ec91e375a3ee94d9c5109') in 0.0319226 seconds
Number of updated asset objects reloaded before import = 0Number of asset objects unloaded after import = 3

========================================================================
Received Import Request.
  Time since last request: 0.000024 seconds.
  path: Assets/Sprites/Water/Water2/Water_tiles_128.asset
  artifactKey: Guid(fe60b42b8e919c9469fbd6445000cd43) Importer(815301076,1909f56bfc062723c751e8b465ee728b)
Start importing Assets/Sprites/Water/Water2/Water_tiles_128.asset using Guid(fe60b42b8e919c9469fbd6445000cd43) Importer(815301076,1909f56bfc062723c751e8b465ee728b) (PreviewImporter) -> (artifact id: 'e4b6911812bf2fd1aacfee56a95104ba') in 0.060985 seconds
Number of updated asset objects reloaded before import = 0Number of asset objects unloaded after import = 3

========================================================================
Received Import Request.
  Time since last request: 0.000019 seconds.
  path: Assets/Sprites/Water/Water2/Water_tiles_124.asset
  artifactKey: Guid(001327a2528e1f14a9c12d399db1ff74) Importer(815301076,1909f56bfc062723c751e8b465ee728b)
Start importing Assets/Sprites/Water/Water2/Water_tiles_124.asset using Guid(001327a2528e1f14a9c12d399db1ff74) Importer(815301076,1909f56bfc062723c751e8b465ee728b) (PreviewImporter) -> (artifact id: '0f035eebaa6669f69120fd3a9da8f5b4') in 0.0580385 seconds
Number of updated asset objects reloaded before import = 0Number of asset objects unloaded after import = 3

========================================================================
Received Import Request.
  Time since last request: 0.105920 seconds.
  path: Assets/Sprites/Water/Water2/Water_tiles_131.asset
  artifactKey: Guid(26f6311bf255ee44da5042ef9ad9f85b) Importer(815301076,1909f56bfc062723c751e8b465ee728b)
Start importing Assets/Sprites/Water/Water2/Water_tiles_131.asset using Guid(26f6311bf255ee44da5042ef9ad9f85b) Importer(815301076,1909f56bfc062723c751e8b465ee728b) (PreviewImporter) -> (artifact id: '678fc88f326c90851e3e07c7aff54ce6') in 0.0255979 seconds
Number of updated asset objects reloaded before import = 0Number of asset objects unloaded after import = 3

========================================================================
Received Import Request.
  Time since last request: 0.000039 seconds.
  path: Assets/Sprites/Water/Water2/Water_tiles_139.asset
  artifactKey: Guid(c38effa5c66b18d478881cab97f194a3) Importer(815301076,1909f56bfc062723c751e8b465ee728b)
Start importing Assets/Sprites/Water/Water2/Water_tiles_139.asset using Guid(c38effa5c66b18d478881cab97f194a3) Importer(815301076,1909f56bfc062723c751e8b465ee728b) (PreviewImporter) -> (artifact id: '6872d75e3d171fb5d715915fc86cd360') in 0.035435 seconds
Number of updated asset objects reloaded before import = 0Number of asset objects unloaded after import = 3

========================================================================
Received Import Request.
  Time since last request: 0.000020 seconds.
  path: Assets/Sprites/Water/Water2/Water_tiles_147.asset
  artifactKey: Guid(b121a1b6628e8e740b2433cc7550a50a) Importer(815301076,1909f56bfc062723c751e8b465ee728b)
Start importing Assets/Sprites/Water/Water2/Water_tiles_147.asset using Guid(b121a1b6628e8e740b2433cc7550a50a) Importer(815301076,1909f56bfc062723c751e8b465ee728b) (PreviewImporter) -> (artifact id: '402205447d8809449120fe6cdafcb5d3') in 0.016426 seconds
Number of updated asset objects reloaded before import = 0Number of asset objects unloaded after import = 3

========================================================================
Received Import Request.
  Time since last request: 0.000021 seconds.
  path: Assets/Sprites/Water/Water2/Water_tiles_155.asset
  artifactKey: Guid(1c2b75f064575004989e9ffbf967e8de) Importer(815301076,1909f56bfc062723c751e8b465ee728b)
Start importing Assets/Sprites/Water/Water2/Water_tiles_155.asset using Guid(1c2b75f064575004989e9ffbf967e8de) Importer(815301076,1909f56bfc062723c751e8b465ee728b) (PreviewImporter) -> (artifact id: 'dcd56713bee47e38adca820aede675d2') in 0.0157692 seconds
Number of updated asset objects reloaded before import = 0Number of asset objects unloaded after import = 3

========================================================================
Received Import Request.
  Time since last request: 0.000031 seconds.
  path: Assets/Sprites/Water/Water2/Water_tiles_148.asset
  artifactKey: Guid(fcd26eef9506b114cae4d53f3e39cedb) Importer(815301076,1909f56bfc062723c751e8b465ee728b)
Start importing Assets/Sprites/Water/Water2/Water_tiles_148.asset using Guid(fcd26eef9506b114cae4d53f3e39cedb) Importer(815301076,1909f56bfc062723c751e8b465ee728b) (PreviewImporter) -> (artifact id: '9d28da2d41146631dfb7538f3f23b0e9') in 0.0141063 seconds
Number of updated asset objects reloaded before import = 0Number of asset objects unloaded after import = 3

========================================================================
Received Import Request.
  Time since last request: 0.520340 seconds.
  path: Assets/Sprites/Water/Water2/Water_tiles_157.asset
  artifactKey: Guid(3c178b9781b26504790a43afc8bc94ba) Importer(815301076,1909f56bfc062723c751e8b465ee728b)
Start importing Assets/Sprites/Water/Water2/Water_tiles_157.asset using Guid(3c178b9781b26504790a43afc8bc94ba) Importer(815301076,1909f56bfc062723c751e8b465ee728b) (PreviewImporter) -> (artifact id: '0fc83f87247d2355491576a313761943') in 0.0141695 seconds
Number of updated asset objects reloaded before import = 0Number of asset objects unloaded after import = 3

========================================================================
Received Import Request.
  Time since last request: 0.000039 seconds.
  path: Assets/Sprites/Water/Water2/Water_tiles_166.asset
  artifactKey: Guid(88dc1d14d6ea4b34b87c2e3342b1d316) Importer(815301076,1909f56bfc062723c751e8b465ee728b)
Start importing Assets/Sprites/Water/Water2/Water_tiles_166.asset using Guid(88dc1d14d6ea4b34b87c2e3342b1d316) Importer(815301076,1909f56bfc062723c751e8b465ee728b) (PreviewImporter) -> (artifact id: '3a82da7bf57f635398b3479af461d528') in 0.0268798 seconds
Number of updated asset objects reloaded before import = 0Number of asset objects unloaded after import = 3

========================================================================
Received Import Request.
  Time since last request: 0.000026 seconds.
  path: Assets/Sprites/Water/Water2/Water_tiles_171.asset
  artifactKey: Guid(5d6b5ac80487dc04d8b967dc60416518) Importer(815301076,1909f56bfc062723c751e8b465ee728b)
Start importing Assets/Sprites/Water/Water2/Water_tiles_171.asset using Guid(5d6b5ac80487dc04d8b967dc60416518) Importer(815301076,1909f56bfc062723c751e8b465ee728b) (PreviewImporter) -> (artifact id: 'f6b4ac5736b1d587e342443e91f67c89') in 0.0126204 seconds
Number of updated asset objects reloaded before import = 0Number of asset objects unloaded after import = 3

========================================================================
Received Import Request.
  Time since last request: 0.000030 seconds.
  path: Assets/Sprites/Water/Water2/Water_tiles_179.asset
  artifactKey: Guid(176b5c45ef9517e4e8521182231b242c) Importer(815301076,1909f56bfc062723c751e8b465ee728b)
Start importing Assets/Sprites/Water/Water2/Water_tiles_179.asset using Guid(176b5c45ef9517e4e8521182231b242c) Importer(815301076,1909f56bfc062723c751e8b465ee728b) (PreviewImporter) -> (artifact id: '32fe18a01064aabe19bd8415ed5772b5') in 0.0120927 seconds
Number of updated asset objects reloaded before import = 0Number of asset objects unloaded after import = 3

========================================================================
Received Import Request.
  Time since last request: 0.000039 seconds.
  path: Assets/Sprites/Water/Water2/Water_tiles_182.asset
  artifactKey: Guid(f25e46432d2be474b86b33954a709fdf) Importer(815301076,1909f56bfc062723c751e8b465ee728b)
Start importing Assets/Sprites/Water/Water2/Water_tiles_182.asset using Guid(f25e46432d2be474b86b33954a709fdf) Importer(815301076,1909f56bfc062723c751e8b465ee728b) (PreviewImporter) -> (artifact id: '1757c6f602691165504c8ba300c016e6') in 0.0160823 seconds
Number of updated asset objects reloaded before import = 0Number of asset objects unloaded after import = 3

========================================================================
Received Import Request.
  Time since last request: 0.536726 seconds.
  path: Assets/Sprites/Water/Water2/Water_tiles_183.asset
  artifactKey: Guid(e119fb17071fb564d874f769309ab597) Importer(815301076,1909f56bfc062723c751e8b465ee728b)
Start importing Assets/Sprites/Water/Water2/Water_tiles_183.asset using Guid(e119fb17071fb564d874f769309ab597) Importer(815301076,1909f56bfc062723c751e8b465ee728b) (PreviewImporter) -> (artifact id: 'ee20c754ed09eeda3f0c844e48d8e047') in 0.0130612 seconds
Number of updated asset objects reloaded before import = 0Number of asset objects unloaded after import = 3

========================================================================
Received Import Request.
  Time since last request: 0.000021 seconds.
  path: Assets/Sprites/Water/Water2/Water_tiles_192.asset
  artifactKey: Guid(081f543af80a5cf4faf244d2d117ff30) Importer(815301076,1909f56bfc062723c751e8b465ee728b)
Start importing Assets/Sprites/Water/Water2/Water_tiles_192.asset using Guid(081f543af80a5cf4faf244d2d117ff30) Importer(815301076,1909f56bfc062723c751e8b465ee728b) (PreviewImporter) -> (artifact id: '5e7e88a7138988b365868f04b3ba4a49') in 0.0130917 seconds
Number of updated asset objects reloaded before import = 0Number of asset objects unloaded after import = 3

========================================================================
Received Import Request.
  Time since last request: 0.000026 seconds.
  path: Assets/Sprites/Water/Water2/Water_tiles_190.asset
  artifactKey: Guid(f21dc35083e90b3408c36c7fcbdb26e0) Importer(815301076,1909f56bfc062723c751e8b465ee728b)
Start importing Assets/Sprites/Water/Water2/Water_tiles_190.asset using Guid(f21dc35083e90b3408c36c7fcbdb26e0) Importer(815301076,1909f56bfc062723c751e8b465ee728b) (PreviewImporter) -> (artifact id: 'b46b4a770d9583a24ce61e658db0b48f') in 0.0123695 seconds
Number of updated asset objects reloaded before import = 0Number of asset objects unloaded after import = 3

========================================================================
Received Import Request.
  Time since last request: 0.015645 seconds.
  path: Assets/Sprites/Water/Water2/Water_tiles_196.asset
  artifactKey: Guid(c34c7051f165b5c4ba202c10697abd45) Importer(815301076,1909f56bfc062723c751e8b465ee728b)
Start importing Assets/Sprites/Water/Water2/Water_tiles_196.asset using Guid(c34c7051f165b5c4ba202c10697abd45) Importer(815301076,1909f56bfc062723c751e8b465ee728b) (PreviewImporter) -> (artifact id: 'cb4e0e37f4b242f028c63093f48316fa') in 0.0156606 seconds
Number of updated asset objects reloaded before import = 0Number of asset objects unloaded after import = 3

========================================================================
Received Import Request.
  Time since last request: 0.000037 seconds.
  path: Assets/Sprites/Water/Water2/Water_tiles_203.asset
  artifactKey: Guid(67029ebf2e71b1048b745b4edc3df721) Importer(815301076,1909f56bfc062723c751e8b465ee728b)
Start importing Assets/Sprites/Water/Water2/Water_tiles_203.asset using Guid(67029ebf2e71b1048b745b4edc3df721) Importer(815301076,1909f56bfc062723c751e8b465ee728b) (PreviewImporter) -> (artifact id: '17d5c8e3668bd368041a7fe16a670e25') in 0.0115013 seconds
Number of updated asset objects reloaded before import = 0Number of asset objects unloaded after import = 3

========================================================================
Received Import Request.
  Time since last request: 63.741315 seconds.
  path: Assets/Sprites/Water/Water2/New Animated Tile.asset
  artifactKey: Guid(fb0eb30fbc9d04748b259b3ce9bbbcf9) Importer(815301076,1909f56bfc062723c751e8b465ee728b)
Start importing Assets/Sprites/Water/Water2/New Animated Tile.asset using Guid(fb0eb30fbc9d04748b259b3ce9bbbcf9) Importer(815301076,1909f56bfc062723c751e8b465ee728b) (PreviewImporter) -> (artifact id: 'f9365aa9ca9d5dec548b93b6e785cc87') in 0.0020989 seconds
Number of updated asset objects reloaded before import = 0Number of asset objects unloaded after import = 1

========================================================================
Received Import Request.
  Time since last request: 283.220905 seconds.
  path: Assets/Sprites/Water Tiles
  artifactKey: Guid(c0d3aa7a6f13d5d47a144ff000e62d84) Importer(815301076,1909f56bfc062723c751e8b465ee728b)
Start importing Assets/Sprites/Water Tiles using Guid(c0d3aa7a6f13d5d47a144ff000e62d84) Importer(815301076,1909f56bfc062723c751e8b465ee728b) (PreviewImporter) -> (artifact id: 'a7c477e2d3c2b4e1acbfebe6b6c0d5c8') in 0.0004801 seconds
Number of updated asset objects reloaded before import = 0Number of asset objects unloaded after import = 0

========================================================================
Received Import Request.
  Time since last request: 0.111416 seconds.
  path: Assets/Sprites/Water Tiles/Water.prefab
  artifactKey: Guid(69a3ad6943e503a4292cc575acc643a3) Importer(815301076,1909f56bfc062723c751e8b465ee728b)
Start importing Assets/Sprites/Water Tiles/Water.prefab using Guid(69a3ad6943e503a4292cc575acc643a3) Importer(815301076,1909f56bfc062723c751e8b465ee728b) (PreviewImporter) -> (artifact id: '11491f99e26714fdb0fb9de7b35498cf') in 0.0827129 seconds
Number of updated asset objects reloaded before import = 0Number of asset objects unloaded after import = 306

========================================================================
Received Import Request.
  Time since last request: 9.865826 seconds.
  path: Assets/Sprites/Water
  artifactKey: Guid(bfe3eaf9b03278543a7446a446c728fc) Importer(815301076,1909f56bfc062723c751e8b465ee728b)
Start importing Assets/Sprites/Water using Guid(bfe3eaf9b03278543a7446a446c728fc) Importer(815301076,1909f56bfc062723c751e8b465ee728b) (PreviewImporter) -> (artifact id: '4669c6a4907e19240210c007782a939f') in 0.0005717 seconds
Number of updated asset objects reloaded before import = 0Number of asset objects unloaded after import = 0

========================================================================
Received Import Request.
  Time since last request: 1.958853 seconds.
  path: Assets/Sprites/Water/Water2
  artifactKey: Guid(4afc8be33cb6c9a44972eb43cb369f4a) Importer(815301076,1909f56bfc062723c751e8b465ee728b)
Start importing Assets/Sprites/Water/Water2 using Guid(4afc8be33cb6c9a44972eb43cb369f4a) Importer(815301076,1909f56bfc062723c751e8b465ee728b) (PreviewImporter) -> (artifact id: 'b1e4fd7612c5e00aa35dcf2f992af123') in 0.0004812 seconds
Number of updated asset objects reloaded before import = 0Number of asset objects unloaded after import = 0

========================================================================
Received Import Request.
  Time since last request: 19.210741 seconds.
  path: Assets/Sprites/AnimatedWater
  artifactKey: Guid(d183c946b9485194e87ff5f028f90a4f) Importer(815301076,1909f56bfc062723c751e8b465ee728b)
Start importing Assets/Sprites/AnimatedWater using Guid(d183c946b9485194e87ff5f028f90a4f) Importer(815301076,1909f56bfc062723c751e8b465ee728b) (PreviewImporter) -> (artifact id: '13ecae3b938f02f859045e5022a66787') in 0.0007084 seconds
Number of updated asset objects reloaded before import = 0Number of asset objects unloaded after import = 0

========================================================================
Received Import Request.
  Time since last request: 17.915716 seconds.
  path: Assets/Sprites/Water 23.asset
  artifactKey: Guid(e94fd50a0cf03064982ef8b03a4e5bcb) Importer(815301076,1909f56bfc062723c751e8b465ee728b)
Start importing Assets/Sprites/Water 23.asset using Guid(e94fd50a0cf03064982ef8b03a4e5bcb) Importer(815301076,1909f56bfc062723c751e8b465ee728b) (PreviewImporter) -> (artifact id: 'e997dcfc47888d86c8b7e878f4ed35ef') in 0.0010367 seconds
Number of updated asset objects reloaded before import = 0Number of asset objects unloaded after import = 1

========================================================================
Received Prepare
Assembly reference Packages/com.unity.cinemachine/Editor/Samples/ExposeHDRPInternals/HDRP-Editor-ref.asmref has no target assembly definition
Assembly reference Packages/com.unity.cinemachine/Editor/Samples/ExposeHDRPInternals/HDRP-Editor-ref.asmref has no target assembly definition
Begin MonoManager ReloadAssembly
- Loaded All Assemblies, in  0.427 seconds
Assembly reference Packages/com.unity.cinemachine/Editor/Samples/ExposeHDRPInternals/HDRP-Editor-ref.asmref has no target assembly definition
'Packages/com.unity.cinemachine/Editor/Obsolete/CinemachineVirtualCameraBaseEditor.cs' contains partial class of Unity.Object, exactly 1 of the partial classes needs to be in a file with the same filename. This is to know the one that can be referenced from ie. GameObjects
'Packages/com.unity.cinemachine/Editor/Editors/CinemachineVirtualCameraBaseEditor.cs' contains partial class of Unity.Object, exactly 1 of the partial classes needs to be in a file with the same filename. This is to know the one that can be referenced from ie. GameObjects
Refreshing native plugins compatible for Editor in 1.54 ms, found 4 plugins.
Native extension for WindowsStandalone target not found
Native extension for WebGL target not found
Assembly reference Packages/com.unity.cinemachine/Editor/Samples/ExposeHDRPInternals/HDRP-Editor-ref.asmref has no target assembly definition
[Package Manager] Failed to launch server process. Reason: Unity was launched with the -noUpm command-line argument
[Package Manager] Unable to send message (not connected to server process).
[Package Manager] Cannot connect to Unity Package Manager local server
Mono: successfully reloaded assembly
- Finished resetting the current domain, in  0.440 seconds
Domain Reload Profiling: 868ms
	BeginReloadAssembly (141ms)
		ExecutionOrderSort (0ms)
		DisableScriptedObjects (8ms)
		BackupInstance (0ms)
		ReleaseScriptingObjects (0ms)
		CreateAndSetChildDomain (46ms)
	RebuildCommonClasses (23ms)
	RebuildNativeTypeToScriptingClass (8ms)
	initialDomainReloadingComplete (17ms)
	LoadAllAssembliesAndSetupDomain (239ms)
		LoadAssemblies (191ms)
		RebuildTransferFunctionScriptingTraits (0ms)
		AnalyzeDomain (101ms)
			TypeCache.Refresh (3ms)
				TypeCache.ScanAssembly (0ms)
			BuildScriptInfoCaches (90ms)
			ResolveRequiredComponents (4ms)
	FinalizeReload (441ms)
		ReleaseScriptCaches (0ms)
		RebuildScriptCaches (0ms)
		SetupLoadedEditorAssemblies (355ms)
			LogAssemblyErrors (0ms)
			InitializePlatformSupportModulesInManaged (2ms)
			SetLoadedEditorAssemblies (4ms)
			BeforeProcessingInitializeOnLoad (87ms)
			ProcessInitializeOnLoadAttributes (236ms)
			ProcessInitializeOnLoadMethodAttributes (23ms)
			AfterProcessingInitializeOnLoad (2ms)
			EditorAssembliesLoaded (0ms)
		ExecutionOrderSort2 (0ms)
		AwakeInstancesAfterBackupRestoration (5ms)
Refreshing native plugins compatible for Editor in 1.56 ms, found 4 plugins.
Preloading 0 native plugins for Editor in 0.00 ms.
Unloading 7 Unused Serialized files (Serialized files now loaded: 0)
Unloading 5171 unused Assets / (1.9 MB). Loaded Objects now: 5909.
Memory consumption went from 103.2 MB to 101.3 MB.
Total: 8.558500 ms (FindLiveObjects: 0.661500 ms CreateObjectMapping: 0.480700 ms MarkObjects: 5.313500 ms  DeleteObjects: 2.100700 ms)

Prepare: number of updated asset objects reloaded= 0
========================================================================
Received Import Request.
  Time since last request: 499.094744 seconds.
  path: Assets/Sprites/Water 23.asset
  artifactKey: Guid(e94fd50a0cf03064982ef8b03a4e5bcb) Importer(815301076,1909f56bfc062723c751e8b465ee728b)
Start importing Assets/Sprites/Water 23.asset using Guid(e94fd50a0cf03064982ef8b03a4e5bcb) Importer(815301076,1909f56bfc062723c751e8b465ee728b) (PreviewImporter) -> (artifact id: '39fab72785090d0953c4cce4d98c11bd') in 0.0142592 seconds
Number of updated asset objects reloaded before import = 0Number of asset objects unloaded after import = 5

========================================================================
Received Prepare
Assembly reference Packages/com.unity.cinemachine/Editor/Samples/ExposeHDRPInternals/HDRP-Editor-ref.asmref has no target assembly definition
Assembly reference Packages/com.unity.cinemachine/Editor/Samples/ExposeHDRPInternals/HDRP-Editor-ref.asmref has no target assembly definition
Begin MonoManager ReloadAssembly
- Loaded All Assemblies, in  0.441 seconds
Assembly reference Packages/com.unity.cinemachine/Editor/Samples/ExposeHDRPInternals/HDRP-Editor-ref.asmref has no target assembly definition
'Packages/com.unity.cinemachine/Editor/Obsolete/CinemachineVirtualCameraBaseEditor.cs' contains partial class of Unity.Object, exactly 1 of the partial classes needs to be in a file with the same filename. This is to know the one that can be referenced from ie. GameObjects
'Packages/com.unity.cinemachine/Editor/Editors/CinemachineVirtualCameraBaseEditor.cs' contains partial class of Unity.Object, exactly 1 of the partial classes needs to be in a file with the same filename. This is to know the one that can be referenced from ie. GameObjects
Refreshing native plugins compatible for Editor in 1.21 ms, found 4 plugins.
Native extension for WindowsStandalone target not found
Native extension for WebGL target not found
Assembly reference Packages/com.unity.cinemachine/Editor/Samples/ExposeHDRPInternals/HDRP-Editor-ref.asmref has no target assembly definition
[Package Manager] Failed to launch server process. Reason: Unity was launched with the -noUpm command-line argument
[Package Manager] Unable to send message (not connected to server process).
[Package Manager] Cannot connect to Unity Package Manager local server
Mono: successfully reloaded assembly
- Finished resetting the current domain, in  0.434 seconds
Domain Reload Profiling: 876ms
	BeginReloadAssembly (144ms)
		ExecutionOrderSort (0ms)
		DisableScriptedObjects (8ms)
		BackupInstance (0ms)
		ReleaseScriptingObjects (0ms)
		CreateAndSetChildDomain (44ms)
	RebuildCommonClasses (23ms)
	RebuildNativeTypeToScriptingClass (8ms)
	initialDomainReloadingComplete (17ms)
	LoadAllAssembliesAndSetupDomain (250ms)
		LoadAssemblies (198ms)
		RebuildTransferFunctionScriptingTraits (0ms)
		AnalyzeDomain (107ms)
			TypeCache.Refresh (4ms)
				TypeCache.ScanAssembly (0ms)
			BuildScriptInfoCaches (96ms)
			ResolveRequiredComponents (4ms)
	FinalizeReload (434ms)
		ReleaseScriptCaches (0ms)
		RebuildScriptCaches (0ms)
		SetupLoadedEditorAssemblies (350ms)
			LogAssemblyErrors (0ms)
			InitializePlatformSupportModulesInManaged (2ms)
			SetLoadedEditorAssemblies (6ms)
			BeforeProcessingInitializeOnLoad (84ms)
			ProcessInitializeOnLoadAttributes (231ms)
			ProcessInitializeOnLoadMethodAttributes (24ms)
			AfterProcessingInitializeOnLoad (3ms)
			EditorAssembliesLoaded (0ms)
		ExecutionOrderSort2 (0ms)
		AwakeInstancesAfterBackupRestoration (5ms)
Refreshing native plugins compatible for Editor in 1.38 ms, found 4 plugins.
Preloading 0 native plugins for Editor in 0.00 ms.
Unloading 7 Unused Serialized files (Serialized files now loaded: 0)
Unloading 5171 unused Assets / (1.9 MB). Loaded Objects now: 5911.
Memory consumption went from 103.2 MB to 101.3 MB.
Total: 7.126600 ms (FindLiveObjects: 0.619000 ms CreateObjectMapping: 0.439200 ms MarkObjects: 4.202700 ms  DeleteObjects: 1.864500 ms)

Prepare: number of updated asset objects reloaded= 0
========================================================================
Received Import Request.
  Time since last request: 4072.279145 seconds.
  path: Assets/Sprites/Idle-Sheet.png
  artifactKey: Guid(8231e54d73c076745bdbbcc594e1dd07) Importer(815301076,1909f56bfc062723c751e8b465ee728b)
Start importing Assets/Sprites/Idle-Sheet.png using Guid(8231e54d73c076745bdbbcc594e1dd07) Importer(815301076,1909f56bfc062723c751e8b465ee728b) (PreviewImporter) -> (artifact id: '67402e2bf8f71b106959aa256fa56950') in 0.1143292 seconds
Number of updated asset objects reloaded before import = 0Number of asset objects unloaded after import = 6

========================================================================
Received Import Request.
  Time since last request: 10.234139 seconds.
  path: Assets/Sprites/Idle-Sheet.png
  artifactKey: Guid(8231e54d73c076745bdbbcc594e1dd07) Importer(815301076,1909f56bfc062723c751e8b465ee728b)
Start importing Assets/Sprites/Idle-Sheet.png using Guid(8231e54d73c076745bdbbcc594e1dd07) Importer(815301076,1909f56bfc062723c751e8b465ee728b) (PreviewImporter) -> (artifact id: 'edc5e6036ec04a8159715a329220230f') in 0.0261504 seconds
Number of updated asset objects reloaded before import = 0Number of asset objects unloaded after import = 6

========================================================================
Received Import Request.
  Time since last request: 6.032952 seconds.
  path: Assets/Sprites/Idle-Sheet.png
  artifactKey: Guid(8231e54d73c076745bdbbcc594e1dd07) Importer(815301076,1909f56bfc062723c751e8b465ee728b)
Start importing Assets/Sprites/Idle-Sheet.png using Guid(8231e54d73c076745bdbbcc594e1dd07) Importer(815301076,1909f56bfc062723c751e8b465ee728b) (PreviewImporter) -> (artifact id: '6541dcca13d8b9e8ea3a8527edb12581') in 0.0531319 seconds
Number of updated asset objects reloaded before import = 0Number of asset objects unloaded after import = 6

========================================================================
Received Import Request.
  Time since last request: 8.041036 seconds.
  path: Assets/Sprites/Idle-Sheet.png
  artifactKey: Guid(8231e54d73c076745bdbbcc594e1dd07) Importer(815301076,1909f56bfc062723c751e8b465ee728b)
Start importing Assets/Sprites/Idle-Sheet.png using Guid(8231e54d73c076745bdbbcc594e1dd07) Importer(815301076,1909f56bfc062723c751e8b465ee728b) (PreviewImporter) -> (artifact id: '89204535df3bf04e98dc97bec545f92d') in 0.0261878 seconds
Number of updated asset objects reloaded before import = 0Number of asset objects unloaded after import = 6

========================================================================
Received Import Request.
  Time since last request: 32.556665 seconds.
  path: Assets/Sprites/Idle-Sheet.png
  artifactKey: Guid(8231e54d73c076745bdbbcc594e1dd07) Importer(815301076,1909f56bfc062723c751e8b465ee728b)
Start importing Assets/Sprites/Idle-Sheet.png using Guid(8231e54d73c076745bdbbcc594e1dd07) Importer(815301076,1909f56bfc062723c751e8b465ee728b) (PreviewImporter) -> (artifact id: '716d463a14299a87cd3770d5178363e6') in 0.1163278 seconds
Number of updated asset objects reloaded before import = 0Number of asset objects unloaded after import = 6

========================================================================
Received Import Request.
  Time since last request: 59.406281 seconds.
  path: Assets/Animations
  artifactKey: Guid(b4aa740ca537319478847acf87dab7a4) Importer(815301076,1909f56bfc062723c751e8b465ee728b)
Start importing Assets/Animations using Guid(b4aa740ca537319478847acf87dab7a4) Importer(815301076,1909f56bfc062723c751e8b465ee728b) (PreviewImporter) -> (artifact id: 'f709ccff74ecf376581df64925290698') in 0.0010115 seconds
Number of updated asset objects reloaded before import = 0Number of asset objects unloaded after import = 0

========================================================================
Received Prepare
Assembly reference Packages/com.unity.cinemachine/Editor/Samples/ExposeHDRPInternals/HDRP-Editor-ref.asmref has no target assembly definition
Assembly reference Packages/com.unity.cinemachine/Editor/Samples/ExposeHDRPInternals/HDRP-Editor-ref.asmref has no target assembly definition
Begin MonoManager ReloadAssembly
- Loaded All Assemblies, in  2.231 seconds
Assembly reference Packages/com.unity.cinemachine/Editor/Samples/ExposeHDRPInternals/HDRP-Editor-ref.asmref has no target assembly definition
'Packages/com.unity.cinemachine/Editor/Obsolete/CinemachineVirtualCameraBaseEditor.cs' contains partial class of Unity.Object, exactly 1 of the partial classes needs to be in a file with the same filename. This is to know the one that can be referenced from ie. GameObjects
'Packages/com.unity.cinemachine/Editor/Editors/CinemachineVirtualCameraBaseEditor.cs' contains partial class of Unity.Object, exactly 1 of the partial classes needs to be in a file with the same filename. This is to know the one that can be referenced from ie. GameObjects
Refreshing native plugins compatible for Editor in 1.39 ms, found 4 plugins.
Native extension for WindowsStandalone target not found
Native extension for WebGL target not found
Assembly reference Packages/com.unity.cinemachine/Editor/Samples/ExposeHDRPInternals/HDRP-Editor-ref.asmref has no target assembly definition
[Package Manager] Failed to launch server process. Reason: Unity was launched with the -noUpm command-line argument
[Package Manager] Unable to send message (not connected to server process).
[Package Manager] Cannot connect to Unity Package Manager local server
Mono: successfully reloaded assembly
- Finished resetting the current domain, in  0.526 seconds
Domain Reload Profiling: 2758ms
	BeginReloadAssembly (335ms)
		ExecutionOrderSort (0ms)
		DisableScriptedObjects (8ms)
		BackupInstance (0ms)
		ReleaseScriptingObjects (0ms)
		CreateAndSetChildDomain (56ms)
	RebuildCommonClasses (128ms)
	RebuildNativeTypeToScriptingClass (11ms)
	initialDomainReloadingComplete (18ms)
	LoadAllAssembliesAndSetupDomain (1740ms)
		LoadAssemblies (1843ms)
		RebuildTransferFunctionScriptingTraits (0ms)
		AnalyzeDomain (132ms)
			TypeCache.Refresh (4ms)
				TypeCache.ScanAssembly (0ms)
			BuildScriptInfoCaches (118ms)
			ResolveRequiredComponents (6ms)
	FinalizeReload (526ms)
		ReleaseScriptCaches (0ms)
		RebuildScriptCaches (0ms)
		SetupLoadedEditorAssemblies (420ms)
			LogAssemblyErrors (0ms)
			InitializePlatformSupportModulesInManaged (2ms)
			SetLoadedEditorAssemblies (5ms)
			BeforeProcessingInitializeOnLoad (97ms)
			ProcessInitializeOnLoadAttributes (283ms)
			ProcessInitializeOnLoadMethodAttributes (29ms)
			AfterProcessingInitializeOnLoad (3ms)
			EditorAssembliesLoaded (0ms)
		ExecutionOrderSort2 (0ms)
		AwakeInstancesAfterBackupRestoration (6ms)
Refreshing native plugins compatible for Editor in 3.58 ms, found 4 plugins.
Preloading 0 native plugins for Editor in 0.00 ms.
Unloading 7 Unused Serialized files (Serialized files now loaded: 0)
Unloading 5171 unused Assets / (1.7 MB). Loaded Objects now: 5923.
Memory consumption went from 103.3 MB to 101.6 MB.
Total: 8.459700 ms (FindLiveObjects: 0.724000 ms CreateObjectMapping: 0.510000 ms MarkObjects: 5.199200 ms  DeleteObjects: 2.024600 ms)

Prepare: number of updated asset objects reloaded= 0
========================================================================
Received Prepare
'Packages/com.unity.cinemachine/Editor/Obsolete/CinemachineVirtualCameraBaseEditor.cs' contains partial class of Unity.Object, exactly 1 of the partial classes needs to be in a file with the same filename. This is to know the one that can be referenced from ie. GameObjects
'Packages/com.unity.cinemachine/Editor/Editors/CinemachineVirtualCameraBaseEditor.cs' contains partial class of Unity.Object, exactly 1 of the partial classes needs to be in a file with the same filename. This is to know the one that can be referenced from ie. GameObjects
Refreshing native plugins compatible for Editor in 2.14 ms, found 4 plugins.
Preloading 0 native plugins for Editor in 0.00 ms.
Unloading 7 Unused Serialized files (Serialized files now loaded: 0)
Unloading 5161 unused Assets / (1.8 MB). Loaded Objects now: 5924.
Memory consumption went from 103.5 MB to 101.8 MB.
Total: 6.991100 ms (FindLiveObjects: 0.626100 ms CreateObjectMapping: 0.193100 ms MarkObjects: 4.480700 ms  DeleteObjects: 1.689000 ms)

Prepare: number of updated asset objects reloaded= 0
========================================================================
Received Prepare
Assembly reference Packages/com.unity.cinemachine/Editor/Samples/ExposeHDRPInternals/HDRP-Editor-ref.asmref has no target assembly definition
Assembly reference Packages/com.unity.cinemachine/Editor/Samples/ExposeHDRPInternals/HDRP-Editor-ref.asmref has no target assembly definition
Begin MonoManager ReloadAssembly
- Loaded All Assemblies, in  0.434 seconds
Assembly reference Packages/com.unity.cinemachine/Editor/Samples/ExposeHDRPInternals/HDRP-Editor-ref.asmref has no target assembly definition
'Packages/com.unity.cinemachine/Editor/Obsolete/CinemachineVirtualCameraBaseEditor.cs' contains partial class of Unity.Object, exactly 1 of the partial classes needs to be in a file with the same filename. This is to know the one that can be referenced from ie. GameObjects
'Packages/com.unity.cinemachine/Editor/Editors/CinemachineVirtualCameraBaseEditor.cs' contains partial class of Unity.Object, exactly 1 of the partial classes needs to be in a file with the same filename. This is to know the one that can be referenced from ie. GameObjects
Refreshing native plugins compatible for Editor in 1.40 ms, found 4 plugins.
Native extension for WindowsStandalone target not found
Native extension for WebGL target not found
Assembly reference Packages/com.unity.cinemachine/Editor/Samples/ExposeHDRPInternals/HDRP-Editor-ref.asmref has no target assembly definition
[Package Manager] Failed to launch server process. Reason: Unity was launched with the -noUpm command-line argument
[Package Manager] Unable to send message (not connected to server process).
[Package Manager] Cannot connect to Unity Package Manager local server
Mono: successfully reloaded assembly
- Finished resetting the current domain, in  0.443 seconds
Domain Reload Profiling: 879ms
	BeginReloadAssembly (136ms)
		ExecutionOrderSort (0ms)
		DisableScriptedObjects (8ms)
		BackupInstance (0ms)
		ReleaseScriptingObjects (0ms)
		CreateAndSetChildDomain (41ms)
	RebuildCommonClasses (22ms)
	RebuildNativeTypeToScriptingClass (9ms)
	initialDomainReloadingComplete (16ms)
	LoadAllAssembliesAndSetupDomain (252ms)
		LoadAssemblies (194ms)
		RebuildTransferFunctionScriptingTraits (0ms)
		AnalyzeDomain (112ms)
			TypeCache.Refresh (6ms)
				TypeCache.ScanAssembly (0ms)
			BuildScriptInfoCaches (98ms)
			ResolveRequiredComponents (4ms)
	FinalizeReload (443ms)
		ReleaseScriptCaches (0ms)
		RebuildScriptCaches (0ms)
		SetupLoadedEditorAssemblies (353ms)
			LogAssemblyErrors (0ms)
			InitializePlatformSupportModulesInManaged (2ms)
			SetLoadedEditorAssemblies (4ms)
			BeforeProcessingInitializeOnLoad (78ms)
			ProcessInitializeOnLoadAttributes (241ms)
			ProcessInitializeOnLoadMethodAttributes (25ms)
			AfterProcessingInitializeOnLoad (3ms)
			EditorAssembliesLoaded (0ms)
		ExecutionOrderSort2 (0ms)
		AwakeInstancesAfterBackupRestoration (6ms)
Refreshing native plugins compatible for Editor in 1.30 ms, found 4 plugins.
Preloading 0 native plugins for Editor in 0.00 ms.
Unloading 7 Unused Serialized files (Serialized files now loaded: 0)
Unloading 5172 unused Assets / (1.8 MB). Loaded Objects now: 5926.
Memory consumption went from 103.5 MB to 101.7 MB.
Total: 7.117200 ms (FindLiveObjects: 0.667500 ms CreateObjectMapping: 0.490800 ms MarkObjects: 4.262400 ms  DeleteObjects: 1.695300 ms)

Prepare: number of updated asset objects reloaded= 0
========================================================================
Received Import Request.
  Time since last request: 293.415870 seconds.
  path: Assets/Scripts/NewMonoBehaviourScript.cs
  artifactKey: Guid(bcc21e54a63d4be4284770088e5c5957) Importer(815301076,1909f56bfc062723c751e8b465ee728b)
Start importing Assets/Scripts/NewMonoBehaviourScript.cs using Guid(bcc21e54a63d4be4284770088e5c5957) Importer(815301076,1909f56bfc062723c751e8b465ee728b) (PreviewImporter) -> (artifact id: '2d1d8129dd346e585a0979e2b23d5f1a') in 0.0021532 seconds
Number of updated asset objects reloaded before import = 0Number of asset objects unloaded after import = 0

========================================================================
Received Prepare
'Packages/com.unity.cinemachine/Editor/Obsolete/CinemachineVirtualCameraBaseEditor.cs' contains partial class of Unity.Object, exactly 1 of the partial classes needs to be in a file with the same filename. This is to know the one that can be referenced from ie. GameObjects
'Packages/com.unity.cinemachine/Editor/Editors/CinemachineVirtualCameraBaseEditor.cs' contains partial class of Unity.Object, exactly 1 of the partial classes needs to be in a file with the same filename. This is to know the one that can be referenced from ie. GameObjects
Refreshing native plugins compatible for Editor in 1.33 ms, found 4 plugins.
Preloading 0 native plugins for Editor in 0.00 ms.
Unloading 7 Unused Serialized files (Serialized files now loaded: 0)
Unloading 5160 unused Assets / (2.0 MB). Loaded Objects now: 5925.
Memory consumption went from 103.4 MB to 101.4 MB.
Total: 7.300400 ms (FindLiveObjects: 0.694100 ms CreateObjectMapping: 0.319500 ms MarkObjects: 4.421100 ms  DeleteObjects: 1.864300 ms)

Prepare: number of updated asset objects reloaded= 0
========================================================================
Received Prepare
Assembly reference Packages/com.unity.cinemachine/Editor/Samples/ExposeHDRPInternals/HDRP-Editor-ref.asmref has no target assembly definition
Assembly reference Packages/com.unity.cinemachine/Editor/Samples/ExposeHDRPInternals/HDRP-Editor-ref.asmref has no target assembly definition
Begin MonoManager ReloadAssembly
- Loaded All Assemblies, in  0.433 seconds
Assembly reference Packages/com.unity.cinemachine/Editor/Samples/ExposeHDRPInternals/HDRP-Editor-ref.asmref has no target assembly definition
'Packages/com.unity.cinemachine/Editor/Obsolete/CinemachineVirtualCameraBaseEditor.cs' contains partial class of Unity.Object, exactly 1 of the partial classes needs to be in a file with the same filename. This is to know the one that can be referenced from ie. GameObjects
'Packages/com.unity.cinemachine/Editor/Editors/CinemachineVirtualCameraBaseEditor.cs' contains partial class of Unity.Object, exactly 1 of the partial classes needs to be in a file with the same filename. This is to know the one that can be referenced from ie. GameObjects
Refreshing native plugins compatible for Editor in 1.21 ms, found 4 plugins.
Native extension for WindowsStandalone target not found
Native extension for WebGL target not found
Assembly reference Packages/com.unity.cinemachine/Editor/Samples/ExposeHDRPInternals/HDRP-Editor-ref.asmref has no target assembly definition
[Package Manager] Failed to launch server process. Reason: Unity was launched with the -noUpm command-line argument
[Package Manager] Unable to send message (not connected to server process).
[Package Manager] Cannot connect to Unity Package Manager local server
Mono: successfully reloaded assembly
- Finished resetting the current domain, in  0.392 seconds
Domain Reload Profiling: 827ms
	BeginReloadAssembly (136ms)
		ExecutionOrderSort (0ms)
		DisableScriptedObjects (8ms)
		BackupInstance (0ms)
		ReleaseScriptingObjects (0ms)
		CreateAndSetChildDomain (41ms)
	RebuildCommonClasses (27ms)
	RebuildNativeTypeToScriptingClass (10ms)
	initialDomainReloadingComplete (16ms)
	LoadAllAssembliesAndSetupDomain (245ms)
		LoadAssemblies (187ms)
		RebuildTransferFunctionScriptingTraits (0ms)
		AnalyzeDomain (110ms)
			TypeCache.Refresh (5ms)
				TypeCache.ScanAssembly (0ms)
			BuildScriptInfoCaches (97ms)
			ResolveRequiredComponents (4ms)
	FinalizeReload (393ms)
		ReleaseScriptCaches (0ms)
		RebuildScriptCaches (0ms)
		SetupLoadedEditorAssemblies (310ms)
			LogAssemblyErrors (0ms)
			InitializePlatformSupportModulesInManaged (2ms)
			SetLoadedEditorAssemblies (4ms)
			BeforeProcessingInitializeOnLoad (69ms)
			ProcessInitializeOnLoadAttributes (209ms)
			ProcessInitializeOnLoadMethodAttributes (23ms)
			AfterProcessingInitializeOnLoad (2ms)
			EditorAssembliesLoaded (0ms)
		ExecutionOrderSort2 (0ms)
		AwakeInstancesAfterBackupRestoration (5ms)
Refreshing native plugins compatible for Editor in 1.24 ms, found 4 plugins.
Preloading 0 native plugins for Editor in 0.00 ms.
Unloading 7 Unused Serialized files (Serialized files now loaded: 0)
Unloading 5171 unused Assets / (1.5 MB). Loaded Objects now: 5927.
Memory consumption went from 103.3 MB to 101.9 MB.
Total: 5.706800 ms (FindLiveObjects: 0.614200 ms CreateObjectMapping: 0.161600 ms MarkObjects: 3.688600 ms  DeleteObjects: 1.241200 ms)

Prepare: number of updated asset objects reloaded= 0
========================================================================
Received Prepare
'Packages/com.unity.cinemachine/Editor/Obsolete/CinemachineVirtualCameraBaseEditor.cs' contains partial class of Unity.Object, exactly 1 of the partial classes needs to be in a file with the same filename. This is to know the one that can be referenced from ie. GameObjects
'Packages/com.unity.cinemachine/Editor/Editors/CinemachineVirtualCameraBaseEditor.cs' contains partial class of Unity.Object, exactly 1 of the partial classes needs to be in a file with the same filename. This is to know the one that can be referenced from ie. GameObjects
Refreshing native plugins compatible for Editor in 1.22 ms, found 4 plugins.
Preloading 0 native plugins for Editor in 0.00 ms.
Unloading 7 Unused Serialized files (Serialized files now loaded: 0)
Unloading 5161 unused Assets / (1.6 MB). Loaded Objects now: 5928.
Memory consumption went from 103.6 MB to 102.0 MB.
Total: 6.758500 ms (FindLiveObjects: 0.613500 ms CreateObjectMapping: 0.459000 ms MarkObjects: 4.255300 ms  DeleteObjects: 1.429300 ms)

Prepare: number of updated asset objects reloaded= 0
========================================================================
Received Import Request.
  Time since last request: 15.646829 seconds.
  path: Assets/Scripts/PlayerHealth.cs
  artifactKey: Guid(c87c67998f1687e458b2e5185c2162e8) Importer(815301076,1909f56bfc062723c751e8b465ee728b)
Start importing Assets/Scripts/PlayerHealth.cs using Guid(c87c67998f1687e458b2e5185c2162e8) Importer(815301076,1909f56bfc062723c751e8b465ee728b) (PreviewImporter) -> (artifact id: '5527c5b329c295c59e0d1788422e1e16') in 0.0017826 seconds
Number of updated asset objects reloaded before import = 0Number of asset objects unloaded after import = 0

========================================================================
Received Prepare
Assembly reference Packages/com.unity.cinemachine/Editor/Samples/ExposeHDRPInternals/HDRP-Editor-ref.asmref has no target assembly definition
Assembly reference Packages/com.unity.cinemachine/Editor/Samples/ExposeHDRPInternals/HDRP-Editor-ref.asmref has no target assembly definition
Begin MonoManager ReloadAssembly
- Loaded All Assemblies, in  0.423 seconds
Assembly reference Packages/com.unity.cinemachine/Editor/Samples/ExposeHDRPInternals/HDRP-Editor-ref.asmref has no target assembly definition
'Packages/com.unity.cinemachine/Editor/Obsolete/CinemachineVirtualCameraBaseEditor.cs' contains partial class of Unity.Object, exactly 1 of the partial classes needs to be in a file with the same filename. This is to know the one that can be referenced from ie. GameObjects
'Packages/com.unity.cinemachine/Editor/Editors/CinemachineVirtualCameraBaseEditor.cs' contains partial class of Unity.Object, exactly 1 of the partial classes needs to be in a file with the same filename. This is to know the one that can be referenced from ie. GameObjects
Refreshing native plugins compatible for Editor in 1.12 ms, found 4 plugins.
Native extension for WindowsStandalone target not found
Native extension for WebGL target not found
Assembly reference Packages/com.unity.cinemachine/Editor/Samples/ExposeHDRPInternals/HDRP-Editor-ref.asmref has no target assembly definition
[Package Manager] Failed to launch server process. Reason: Unity was launched with the -noUpm command-line argument
[Package Manager] Unable to send message (not connected to server process).
[Package Manager] Cannot connect to Unity Package Manager local server
Mono: successfully reloaded assembly
- Finished resetting the current domain, in  0.476 seconds
Domain Reload Profiling: 900ms
	BeginReloadAssembly (139ms)
		ExecutionOrderSort (0ms)
		DisableScriptedObjects (7ms)
		BackupInstance (0ms)
		ReleaseScriptingObjects (0ms)
		CreateAndSetChildDomain (42ms)
	RebuildCommonClasses (22ms)
	RebuildNativeTypeToScriptingClass (8ms)
	initialDomainReloadingComplete (16ms)
	LoadAllAssembliesAndSetupDomain (239ms)
		LoadAssemblies (185ms)
		RebuildTransferFunctionScriptingTraits (0ms)
		AnalyzeDomain (108ms)
			TypeCache.Refresh (5ms)
				TypeCache.ScanAssembly (0ms)
			BuildScriptInfoCaches (94ms)
			ResolveRequiredComponents (4ms)
	FinalizeReload (476ms)
		ReleaseScriptCaches (0ms)
		RebuildScriptCaches (0ms)
		SetupLoadedEditorAssemblies (388ms)
			LogAssemblyErrors (0ms)
			InitializePlatformSupportModulesInManaged (2ms)
			SetLoadedEditorAssemblies (5ms)
			BeforeProcessingInitializeOnLoad (88ms)
			ProcessInitializeOnLoadAttributes (263ms)
			ProcessInitializeOnLoadMethodAttributes (27ms)
			AfterProcessingInitializeOnLoad (3ms)
			EditorAssembliesLoaded (0ms)
		ExecutionOrderSort2 (0ms)
		AwakeInstancesAfterBackupRestoration (5ms)
Refreshing native plugins compatible for Editor in 1.57 ms, found 4 plugins.
Preloading 0 native plugins for Editor in 0.00 ms.
Unloading 7 Unused Serialized files (Serialized files now loaded: 0)
Unloading 5172 unused Assets / (1.4 MB). Loaded Objects now: 5930.
Memory consumption went from 103.3 MB to 101.9 MB.
Total: 8.255600 ms (FindLiveObjects: 0.791000 ms CreateObjectMapping: 0.533300 ms MarkObjects: 5.255000 ms  DeleteObjects: 1.673700 ms)

Prepare: number of updated asset objects reloaded= 0
========================================================================
Received Import Request.
  Time since last request: 3.975230 seconds.
  path: Assets/Scripts/PlayerHealth.cs
  artifactKey: Guid(c87c67998f1687e458b2e5185c2162e8) Importer(815301076,1909f56bfc062723c751e8b465ee728b)
Start importing Assets/Scripts/PlayerHealth.cs using Guid(c87c67998f1687e458b2e5185c2162e8) Importer(815301076,1909f56bfc062723c751e8b465ee728b) (PreviewImporter) -> (artifact id: '14e6d26121b491c55b9ff6bcf2317f7a') in 0.0023489 seconds
Number of updated asset objects reloaded before import = 0Number of asset objects unloaded after import = 0

========================================================================
Received Prepare
Assembly reference Packages/com.unity.cinemachine/Editor/Samples/ExposeHDRPInternals/HDRP-Editor-ref.asmref has no target assembly definition
Assembly reference Packages/com.unity.cinemachine/Editor/Samples/ExposeHDRPInternals/HDRP-Editor-ref.asmref has no target assembly definition
Begin MonoManager ReloadAssembly
- Loaded All Assemblies, in  0.433 seconds
Assembly reference Packages/com.unity.cinemachine/Editor/Samples/ExposeHDRPInternals/HDRP-Editor-ref.asmref has no target assembly definition
'Packages/com.unity.cinemachine/Editor/Obsolete/CinemachineVirtualCameraBaseEditor.cs' contains partial class of Unity.Object, exactly 1 of the partial classes needs to be in a file with the same filename. This is to know the one that can be referenced from ie. GameObjects
'Packages/com.unity.cinemachine/Editor/Editors/CinemachineVirtualCameraBaseEditor.cs' contains partial class of Unity.Object, exactly 1 of the partial classes needs to be in a file with the same filename. This is to know the one that can be referenced from ie. GameObjects
Refreshing native plugins compatible for Editor in 1.11 ms, found 4 plugins.
Native extension for WindowsStandalone target not found
Native extension for WebGL target not found
Assembly reference Packages/com.unity.cinemachine/Editor/Samples/ExposeHDRPInternals/HDRP-Editor-ref.asmref has no target assembly definition
[Package Manager] Failed to launch server process. Reason: Unity was launched with the -noUpm command-line argument
[Package Manager] Unable to send message (not connected to server process).
[Package Manager] Cannot connect to Unity Package Manager local server
Mono: successfully reloaded assembly
- Finished resetting the current domain, in  0.408 seconds
Domain Reload Profiling: 842ms
	BeginReloadAssembly (140ms)
		ExecutionOrderSort (0ms)
		DisableScriptedObjects (8ms)
		BackupInstance (0ms)
		ReleaseScriptingObjects (0ms)
		CreateAndSetChildDomain (43ms)
	RebuildCommonClasses (23ms)
	RebuildNativeTypeToScriptingClass (8ms)
	initialDomainReloadingComplete (17ms)
	LoadAllAssembliesAndSetupDomain (246ms)
		LoadAssemblies (189ms)
		RebuildTransferFunctionScriptingTraits (0ms)
		AnalyzeDomain (110ms)
			TypeCache.Refresh (6ms)
				TypeCache.ScanAssembly (0ms)
			BuildScriptInfoCaches (97ms)
			ResolveRequiredComponents (5ms)
	FinalizeReload (408ms)
		ReleaseScriptCaches (0ms)
		RebuildScriptCaches (0ms)
		SetupLoadedEditorAssemblies (327ms)
			LogAssemblyErrors (0ms)
			InitializePlatformSupportModulesInManaged (2ms)
			SetLoadedEditorAssemblies (5ms)
			BeforeProcessingInitializeOnLoad (80ms)
			ProcessInitializeOnLoadAttributes (215ms)
			ProcessInitializeOnLoadMethodAttributes (23ms)
			AfterProcessingInitializeOnLoad (2ms)
			EditorAssembliesLoaded (0ms)
		ExecutionOrderSort2 (0ms)
		AwakeInstancesAfterBackupRestoration (5ms)
Refreshing native plugins compatible for Editor in 1.04 ms, found 4 plugins.
Preloading 0 native plugins for Editor in 0.00 ms.
Unloading 7 Unused Serialized files (Serialized files now loaded: 0)
Unloading 5172 unused Assets / (1.3 MB). Loaded Objects now: 5932.
Memory consumption went from 103.3 MB to 102.0 MB.
Total: 5.678100 ms (FindLiveObjects: 0.617100 ms CreateObjectMapping: 0.181900 ms MarkObjects: 3.608400 ms  DeleteObjects: 1.269600 ms)

Prepare: number of updated asset objects reloaded= 0
========================================================================
Received Import Request.
  Time since last request: 144.047274 seconds.
  path: Assets/Scripts/PlayerHealth.cs
  artifactKey: Guid(c87c67998f1687e458b2e5185c2162e8) Importer(815301076,1909f56bfc062723c751e8b465ee728b)
Start importing Assets/Scripts/PlayerHealth.cs using Guid(c87c67998f1687e458b2e5185c2162e8) Importer(815301076,1909f56bfc062723c751e8b465ee728b) (PreviewImporter) -> (artifact id: '7eafb56456606a77a1d627bb5046d942') in 0.0021625 seconds
Number of updated asset objects reloaded before import = 0Number of asset objects unloaded after import = 0

========================================================================
Received Prepare
'Packages/com.unity.cinemachine/Editor/Obsolete/CinemachineVirtualCameraBaseEditor.cs' contains partial class of Unity.Object, exactly 1 of the partial classes needs to be in a file with the same filename. This is to know the one that can be referenced from ie. GameObjects
'Packages/com.unity.cinemachine/Editor/Editors/CinemachineVirtualCameraBaseEditor.cs' contains partial class of Unity.Object, exactly 1 of the partial classes needs to be in a file with the same filename. This is to know the one that can be referenced from ie. GameObjects
Refreshing native plugins compatible for Editor in 1.19 ms, found 4 plugins.
Preloading 0 native plugins for Editor in 0.00 ms.
Unloading 7 Unused Serialized files (Serialized files now loaded: 0)
Unloading 5162 unused Assets / (1.3 MB). Loaded Objects now: 5933.
Memory consumption went from 103.4 MB to 102.1 MB.
Total: 6.899500 ms (FindLiveObjects: 0.725700 ms CreateObjectMapping: 0.443400 ms MarkObjects: 4.305800 ms  DeleteObjects: 1.423100 ms)

Prepare: number of updated asset objects reloaded= 0
========================================================================
Received Import Request.
  Time since last request: 34.652476 seconds.
  path: Assets/Scripts/Enemy_Combat.cs
  artifactKey: Guid(fa151c607cf3fae4caf7e8c06735a743) Importer(815301076,1909f56bfc062723c751e8b465ee728b)
Start importing Assets/Scripts/Enemy_Combat.cs using Guid(fa151c607cf3fae4caf7e8c06735a743) Importer(815301076,1909f56bfc062723c751e8b465ee728b) (PreviewImporter) -> (artifact id: 'f28f9eeae4fb129a20dda6b6df5bbdd7') in 0.0006518 seconds
Number of updated asset objects reloaded before import = 0Number of asset objects unloaded after import = 0

========================================================================
Received Prepare
Assembly reference Packages/com.unity.cinemachine/Editor/Samples/ExposeHDRPInternals/HDRP-Editor-ref.asmref has no target assembly definition
Assembly reference Packages/com.unity.cinemachine/Editor/Samples/ExposeHDRPInternals/HDRP-Editor-ref.asmref has no target assembly definition
Begin MonoManager ReloadAssembly
- Loaded All Assemblies, in  0.597 seconds
Assembly reference Packages/com.unity.cinemachine/Editor/Samples/ExposeHDRPInternals/HDRP-Editor-ref.asmref has no target assembly definition
'Packages/com.unity.cinemachine/Editor/Obsolete/CinemachineVirtualCameraBaseEditor.cs' contains partial class of Unity.Object, exactly 1 of the partial classes needs to be in a file with the same filename. This is to know the one that can be referenced from ie. GameObjects
'Packages/com.unity.cinemachine/Editor/Editors/CinemachineVirtualCameraBaseEditor.cs' contains partial class of Unity.Object, exactly 1 of the partial classes needs to be in a file with the same filename. This is to know the one that can be referenced from ie. GameObjects
Refreshing native plugins compatible for Editor in 2.06 ms, found 4 plugins.
Native extension for WindowsStandalone target not found
Native extension for WebGL target not found
Assembly reference Packages/com.unity.cinemachine/Editor/Samples/ExposeHDRPInternals/HDRP-Editor-ref.asmref has no target assembly definition
[Package Manager] Failed to launch server process. Reason: Unity was launched with the -noUpm command-line argument
[Package Manager] Unable to send message (not connected to server process).
[Package Manager] Cannot connect to Unity Package Manager local server
Mono: successfully reloaded assembly
- Finished resetting the current domain, in  0.690 seconds
Domain Reload Profiling: 1290ms
	BeginReloadAssembly (169ms)
		ExecutionOrderSort (0ms)
		DisableScriptedObjects (9ms)
		BackupInstance (0ms)
		ReleaseScriptingObjects (0ms)
		CreateAndSetChildDomain (49ms)
	RebuildCommonClasses (34ms)
	RebuildNativeTypeToScriptingClass (10ms)
	initialDomainReloadingComplete (21ms)
	LoadAllAssembliesAndSetupDomain (365ms)
		LoadAssemblies (291ms)
		RebuildTransferFunctionScriptingTraits (0ms)
		AnalyzeDomain (145ms)
			TypeCache.Refresh (6ms)
				TypeCache.ScanAssembly (0ms)
			BuildScriptInfoCaches (130ms)
			ResolveRequiredComponents (5ms)
	FinalizeReload (691ms)
		ReleaseScriptCaches (0ms)
		RebuildScriptCaches (0ms)
		SetupLoadedEditorAssemblies (570ms)
			LogAssemblyErrors (0ms)
			InitializePlatformSupportModulesInManaged (2ms)
			SetLoadedEditorAssemblies (5ms)
			BeforeProcessingInitializeOnLoad (111ms)
			ProcessInitializeOnLoadAttributes (413ms)
			ProcessInitializeOnLoadMethodAttributes (36ms)
			AfterProcessingInitializeOnLoad (3ms)
			EditorAssembliesLoaded (0ms)
		ExecutionOrderSort2 (0ms)
		AwakeInstancesAfterBackupRestoration (8ms)
Refreshing native plugins compatible for Editor in 1.63 ms, found 4 plugins.
Preloading 0 native plugins for Editor in 0.00 ms.
Unloading 7 Unused Serialized files (Serialized files now loaded: 0)
Unloading 5173 unused Assets / (1.6 MB). Loaded Objects now: 5935.
Memory consumption went from 103.3 MB to 101.6 MB.
Total: 8.866800 ms (FindLiveObjects: 0.877500 ms CreateObjectMapping: 0.536600 ms MarkObjects: 5.430800 ms  DeleteObjects: 2.019400 ms)

Prepare: number of updated asset objects reloaded= 0
========================================================================
Received Import Request.
  Time since last request: 5.080459 seconds.
  path: Assets/Scripts/Enemy_Combat.cs
  artifactKey: Guid(fa151c607cf3fae4caf7e8c06735a743) Importer(815301076,1909f56bfc062723c751e8b465ee728b)
Start importing Assets/Scripts/Enemy_Combat.cs using Guid(fa151c607cf3fae4caf7e8c06735a743) Importer(815301076,1909f56bfc062723c751e8b465ee728b) (PreviewImporter) -> (artifact id: '08c6a607d5b9cd0ace347c8be83185bb') in 0.0026842 seconds
Number of updated asset objects reloaded before import = 0Number of asset objects unloaded after import = 0

========================================================================
Received Prepare
Assembly reference Packages/com.unity.cinemachine/Editor/Samples/ExposeHDRPInternals/HDRP-Editor-ref.asmref has no target assembly definition
Assembly reference Packages/com.unity.cinemachine/Editor/Samples/ExposeHDRPInternals/HDRP-Editor-ref.asmref has no target assembly definition
Begin MonoManager ReloadAssembly
- Loaded All Assemblies, in  0.576 seconds
Assembly reference Packages/com.unity.cinemachine/Editor/Samples/ExposeHDRPInternals/HDRP-Editor-ref.asmref has no target assembly definition
'Packages/com.unity.cinemachine/Editor/Obsolete/CinemachineVirtualCameraBaseEditor.cs' contains partial class of Unity.Object, exactly 1 of the partial classes needs to be in a file with the same filename. This is to know the one that can be referenced from ie. GameObjects
'Packages/com.unity.cinemachine/Editor/Editors/CinemachineVirtualCameraBaseEditor.cs' contains partial class of Unity.Object, exactly 1 of the partial classes needs to be in a file with the same filename. This is to know the one that can be referenced from ie. GameObjects
Refreshing native plugins compatible for Editor in 0.96 ms, found 4 plugins.
Native extension for WindowsStandalone target not found
Native extension for WebGL target not found
Assembly reference Packages/com.unity.cinemachine/Editor/Samples/ExposeHDRPInternals/HDRP-Editor-ref.asmref has no target assembly definition
[Package Manager] Failed to launch server process. Reason: Unity was launched with the -noUpm command-line argument
[Package Manager] Unable to send message (not connected to server process).
[Package Manager] Cannot connect to Unity Package Manager local server
Mono: successfully reloaded assembly
- Finished resetting the current domain, in  0.420 seconds
Domain Reload Profiling: 997ms
	BeginReloadAssembly (239ms)
		ExecutionOrderSort (0ms)
		DisableScriptedObjects (17ms)
		BackupInstance (0ms)
		ReleaseScriptingObjects (0ms)
		CreateAndSetChildDomain (56ms)
	RebuildCommonClasses (40ms)
	RebuildNativeTypeToScriptingClass (20ms)
	initialDomainReloadingComplete (19ms)
	LoadAllAssembliesAndSetupDomain (259ms)
		LoadAssemblies (259ms)
		RebuildTransferFunctionScriptingTraits (0ms)
		AnalyzeDomain (112ms)
			TypeCache.Refresh (6ms)
				TypeCache.ScanAssembly (0ms)
			BuildScriptInfoCaches (98ms)
			ResolveRequiredComponents (4ms)
	FinalizeReload (420ms)
		ReleaseScriptCaches (0ms)
		RebuildScriptCaches (0ms)
		SetupLoadedEditorAssemblies (335ms)
			LogAssemblyErrors (0ms)
			InitializePlatformSupportModulesInManaged (2ms)
			SetLoadedEditorAssemblies (4ms)
			BeforeProcessingInitializeOnLoad (72ms)
			ProcessInitializeOnLoadAttributes (229ms)
			ProcessInitializeOnLoadMethodAttributes (26ms)
			AfterProcessingInitializeOnLoad (2ms)
			EditorAssembliesLoaded (0ms)
		ExecutionOrderSort2 (0ms)
		AwakeInstancesAfterBackupRestoration (5ms)
Refreshing native plugins compatible for Editor in 1.25 ms, found 4 plugins.
Preloading 0 native plugins for Editor in 0.00 ms.
Unloading 7 Unused Serialized files (Serialized files now loaded: 0)
Unloading 5173 unused Assets / (1.4 MB). Loaded Objects now: 5937.
Memory consumption went from 103.3 MB to 101.8 MB.
Total: 7.451100 ms (FindLiveObjects: 0.853200 ms CreateObjectMapping: 0.461200 ms MarkObjects: 4.459800 ms  DeleteObjects: 1.675400 ms)

Prepare: number of updated asset objects reloaded= 0
========================================================================
Received Import Request.
  Time since last request: 127.145773 seconds.
  path: Assets/Scripts/Enemy_Combat.cs
  artifactKey: Guid(fa151c607cf3fae4caf7e8c06735a743) Importer(815301076,1909f56bfc062723c751e8b465ee728b)
Start importing Assets/Scripts/Enemy_Combat.cs using Guid(fa151c607cf3fae4caf7e8c06735a743) Importer(815301076,1909f56bfc062723c751e8b465ee728b) (PreviewImporter) -> (artifact id: 'f30bc4d8347f5d0e1484821c71279132') in 0.0024476 seconds
Number of updated asset objects reloaded before import = 0Number of asset objects unloaded after import = 0

========================================================================
Received Prepare
Assembly reference Packages/com.unity.cinemachine/Editor/Samples/ExposeHDRPInternals/HDRP-Editor-ref.asmref has no target assembly definition
Assembly reference Packages/com.unity.cinemachine/Editor/Samples/ExposeHDRPInternals/HDRP-Editor-ref.asmref has no target assembly definition
Begin MonoManager ReloadAssembly
- Loaded All Assemblies, in  0.794 seconds
Assembly reference Packages/com.unity.cinemachine/Editor/Samples/ExposeHDRPInternals/HDRP-Editor-ref.asmref has no target assembly definition
'Packages/com.unity.cinemachine/Editor/Obsolete/CinemachineVirtualCameraBaseEditor.cs' contains partial class of Unity.Object, exactly 1 of the partial classes needs to be in a file with the same filename. This is to know the one that can be referenced from ie. GameObjects
'Packages/com.unity.cinemachine/Editor/Editors/CinemachineVirtualCameraBaseEditor.cs' contains partial class of Unity.Object, exactly 1 of the partial classes needs to be in a file with the same filename. This is to know the one that can be referenced from ie. GameObjects
Refreshing native plugins compatible for Editor in 2.71 ms, found 4 plugins.
Native extension for WindowsStandalone target not found
Native extension for WebGL target not found
Assembly reference Packages/com.unity.cinemachine/Editor/Samples/ExposeHDRPInternals/HDRP-Editor-ref.asmref has no target assembly definition
[Package Manager] Failed to launch server process. Reason: Unity was launched with the -noUpm command-line argument
[Package Manager] Unable to send message (not connected to server process).
[Package Manager] Cannot connect to Unity Package Manager local server
Mono: successfully reloaded assembly
- Finished resetting the current domain, in  0.948 seconds
Domain Reload Profiling: 1743ms
	BeginReloadAssembly (232ms)
		ExecutionOrderSort (0ms)
		DisableScriptedObjects (12ms)
		BackupInstance (0ms)
		ReleaseScriptingObjects (0ms)
		CreateAndSetChildDomain (59ms)
	RebuildCommonClasses (51ms)
	RebuildNativeTypeToScriptingClass (20ms)
	initialDomainReloadingComplete (31ms)
	LoadAllAssembliesAndSetupDomain (461ms)
		LoadAssemblies (357ms)
		RebuildTransferFunctionScriptingTraits (0ms)
		AnalyzeDomain (206ms)
			TypeCache.Refresh (5ms)
				TypeCache.ScanAssembly (0ms)
			BuildScriptInfoCaches (189ms)
			ResolveRequiredComponents (9ms)
	FinalizeReload (949ms)
		ReleaseScriptCaches (0ms)
		RebuildScriptCaches (0ms)
		SetupLoadedEditorAssemblies (766ms)
			LogAssemblyErrors (0ms)
			InitializePlatformSupportModulesInManaged (4ms)
			SetLoadedEditorAssemblies (8ms)
			BeforeProcessingInitializeOnLoad (157ms)
			ProcessInitializeOnLoadAttributes (533ms)
			ProcessInitializeOnLoadMethodAttributes (58ms)
			AfterProcessingInitializeOnLoad (5ms)
			EditorAssembliesLoaded (1ms)
		ExecutionOrderSort2 (0ms)
		AwakeInstancesAfterBackupRestoration (11ms)
Refreshing native plugins compatible for Editor in 3.84 ms, found 4 plugins.
Preloading 0 native plugins for Editor in 0.00 ms.
Unloading 7 Unused Serialized files (Serialized files now loaded: 0)
Unloading 5173 unused Assets / (2.5 MB). Loaded Objects now: 5939.
Memory consumption went from 103.2 MB to 100.7 MB.
Total: 11.481200 ms (FindLiveObjects: 0.974600 ms CreateObjectMapping: 0.630800 ms MarkObjects: 6.690000 ms  DeleteObjects: 3.183800 ms)

Prepare: number of updated asset objects reloaded= 0
========================================================================
Received Import Request.
  Time since last request: 1194.610636 seconds.
  path: Assets/Sprites/00.png
  artifactKey: Guid(472e07bf437eca745829286d3a3b4654) Importer(815301076,1909f56bfc062723c751e8b465ee728b)
Start importing Assets/Sprites/00.png using Guid(472e07bf437eca745829286d3a3b4654) Importer(815301076,1909f56bfc062723c751e8b465ee728b) (PreviewImporter) -> (artifact id: '38c294709eef8bf49bb94bbaeac2dde5') in 0.4671302 seconds
Number of updated asset objects reloaded before import = 0Number of asset objects unloaded after import = 88

========================================================================
Received Import Request.
  Time since last request: 12.662694 seconds.
  path: Assets/Sprites/00.png
  artifactKey: Guid(472e07bf437eca745829286d3a3b4654) Importer(815301076,1909f56bfc062723c751e8b465ee728b)
Start importing Assets/Sprites/00.png using Guid(472e07bf437eca745829286d3a3b4654) Importer(815301076,1909f56bfc062723c751e8b465ee728b) (PreviewImporter) -> (artifact id: '6888b6de137b3a3dad380d6baeffce29') in 0.444534 seconds
Number of updated asset objects reloaded before import = 0Number of asset objects unloaded after import = 88

========================================================================
Received Import Request.
  Time since last request: 10.182436 seconds.
  path: Assets/Sprites/00.png
  artifactKey: Guid(472e07bf437eca745829286d3a3b4654) Importer(815301076,1909f56bfc062723c751e8b465ee728b)
Start importing Assets/Sprites/00.png using Guid(472e07bf437eca745829286d3a3b4654) Importer(815301076,1909f56bfc062723c751e8b465ee728b) (PreviewImporter) -> (artifact id: '7863c01f0286d714b355a75574784811') in 0.502031 seconds
Number of updated asset objects reloaded before import = 0Number of asset objects unloaded after import = 88

========================================================================
Received Prepare
Assembly reference Packages/com.unity.cinemachine/Editor/Samples/ExposeHDRPInternals/HDRP-Editor-ref.asmref has no target assembly definition
Assembly reference Packages/com.unity.cinemachine/Editor/Samples/ExposeHDRPInternals/HDRP-Editor-ref.asmref has no target assembly definition
Begin MonoManager ReloadAssembly
- Loaded All Assemblies, in  0.425 seconds
Assembly reference Packages/com.unity.cinemachine/Editor/Samples/ExposeHDRPInternals/HDRP-Editor-ref.asmref has no target assembly definition
'Packages/com.unity.cinemachine/Editor/Obsolete/CinemachineVirtualCameraBaseEditor.cs' contains partial class of Unity.Object, exactly 1 of the partial classes needs to be in a file with the same filename. This is to know the one that can be referenced from ie. GameObjects
'Packages/com.unity.cinemachine/Editor/Editors/CinemachineVirtualCameraBaseEditor.cs' contains partial class of Unity.Object, exactly 1 of the partial classes needs to be in a file with the same filename. This is to know the one that can be referenced from ie. GameObjects
Refreshing native plugins compatible for Editor in 1.10 ms, found 4 plugins.
Native extension for WindowsStandalone target not found
Native extension for WebGL target not found
Assembly reference Packages/com.unity.cinemachine/Editor/Samples/ExposeHDRPInternals/HDRP-Editor-ref.asmref has no target assembly definition
[Package Manager] Failed to launch server process. Reason: Unity was launched with the -noUpm command-line argument
[Package Manager] Unable to send message (not connected to server process).
[Package Manager] Cannot connect to Unity Package Manager local server
Mono: successfully reloaded assembly
- Finished resetting the current domain, in  0.439 seconds
Domain Reload Profiling: 866ms
	BeginReloadAssembly (139ms)
		ExecutionOrderSort (0ms)
		DisableScriptedObjects (7ms)
		BackupInstance (0ms)
		ReleaseScriptingObjects (0ms)
		CreateAndSetChildDomain (43ms)
	RebuildCommonClasses (25ms)
	RebuildNativeTypeToScriptingClass (8ms)
	initialDomainReloadingComplete (16ms)
	LoadAllAssembliesAndSetupDomain (238ms)
		LoadAssemblies (187ms)
		RebuildTransferFunctionScriptingTraits (0ms)
		AnalyzeDomain (104ms)
			TypeCache.Refresh (4ms)
				TypeCache.ScanAssembly (0ms)
			BuildScriptInfoCaches (93ms)
			ResolveRequiredComponents (4ms)
	FinalizeReload (439ms)
		ReleaseScriptCaches (0ms)
		RebuildScriptCaches (0ms)
		SetupLoadedEditorAssemblies (355ms)
			LogAssemblyErrors (0ms)
			InitializePlatformSupportModulesInManaged (2ms)
			SetLoadedEditorAssemblies (5ms)
			BeforeProcessingInitializeOnLoad (77ms)
			ProcessInitializeOnLoadAttributes (243ms)
			ProcessInitializeOnLoadMethodAttributes (25ms)
			AfterProcessingInitializeOnLoad (3ms)
			EditorAssembliesLoaded (0ms)
		ExecutionOrderSort2 (0ms)
		AwakeInstancesAfterBackupRestoration (5ms)
Refreshing native plugins compatible for Editor in 1.09 ms, found 4 plugins.
Preloading 0 native plugins for Editor in 0.00 ms.
Unloading 7 Unused Serialized files (Serialized files now loaded: 0)
Unloading 5173 unused Assets / (1.7 MB). Loaded Objects now: 6028.
Memory consumption went from 103.8 MB to 102.2 MB.
Total: 6.814400 ms (FindLiveObjects: 0.639400 ms CreateObjectMapping: 0.461800 ms MarkObjects: 4.175500 ms  DeleteObjects: 1.536400 ms)

Prepare: number of updated asset objects reloaded= 0
========================================================================
Received Prepare
Assembly reference Packages/com.unity.cinemachine/Editor/Samples/ExposeHDRPInternals/HDRP-Editor-ref.asmref has no target assembly definition
Assembly reference Packages/com.unity.cinemachine/Editor/Samples/ExposeHDRPInternals/HDRP-Editor-ref.asmref has no target assembly definition
Begin MonoManager ReloadAssembly
- Loaded All Assemblies, in  0.419 seconds
Assembly reference Packages/com.unity.cinemachine/Editor/Samples/ExposeHDRPInternals/HDRP-Editor-ref.asmref has no target assembly definition
'Packages/com.unity.cinemachine/Editor/Obsolete/CinemachineVirtualCameraBaseEditor.cs' contains partial class of Unity.Object, exactly 1 of the partial classes needs to be in a file with the same filename. This is to know the one that can be referenced from ie. GameObjects
'Packages/com.unity.cinemachine/Editor/Editors/CinemachineVirtualCameraBaseEditor.cs' contains partial class of Unity.Object, exactly 1 of the partial classes needs to be in a file with the same filename. This is to know the one that can be referenced from ie. GameObjects
Refreshing native plugins compatible for Editor in 1.00 ms, found 4 plugins.
Native extension for WindowsStandalone target not found
Native extension for WebGL target not found
Assembly reference Packages/com.unity.cinemachine/Editor/Samples/ExposeHDRPInternals/HDRP-Editor-ref.asmref has no target assembly definition
[Package Manager] Failed to launch server process. Reason: Unity was launched with the -noUpm command-line argument
[Package Manager] Unable to send message (not connected to server process).
[Package Manager] Cannot connect to Unity Package Manager local server
Mono: successfully reloaded assembly
- Finished resetting the current domain, in  0.428 seconds
Domain Reload Profiling: 848ms
	BeginReloadAssembly (136ms)
		ExecutionOrderSort (0ms)
		DisableScriptedObjects (8ms)
		BackupInstance (0ms)
		ReleaseScriptingObjects (0ms)
		CreateAndSetChildDomain (41ms)
	RebuildCommonClasses (22ms)
	RebuildNativeTypeToScriptingClass (8ms)
	initialDomainReloadingComplete (16ms)
	LoadAllAssembliesAndSetupDomain (238ms)
		LoadAssemblies (186ms)
		RebuildTransferFunctionScriptingTraits (0ms)
		AnalyzeDomain (105ms)
			TypeCache.Refresh (4ms)
				TypeCache.ScanAssembly (0ms)
			BuildScriptInfoCaches (93ms)
			ResolveRequiredComponents (4ms)
	FinalizeReload (428ms)
		ReleaseScriptCaches (0ms)
		RebuildScriptCaches (0ms)
		SetupLoadedEditorAssemblies (343ms)
			LogAssemblyErrors (0ms)
			InitializePlatformSupportModulesInManaged (2ms)
			SetLoadedEditorAssemblies (4ms)
			BeforeProcessingInitializeOnLoad (81ms)
			ProcessInitializeOnLoadAttributes (228ms)
			ProcessInitializeOnLoadMethodAttributes (24ms)
			AfterProcessingInitializeOnLoad (3ms)
			EditorAssembliesLoaded (0ms)
		ExecutionOrderSort2 (0ms)
		AwakeInstancesAfterBackupRestoration (5ms)
Refreshing native plugins compatible for Editor in 0.96 ms, found 4 plugins.
Preloading 0 native plugins for Editor in 0.00 ms.
Unloading 7 Unused Serialized files (Serialized files now loaded: 0)
Unloading 5173 unused Assets / (2.1 MB). Loaded Objects now: 6030.
Memory consumption went from 104.0 MB to 101.9 MB.
Total: 7.635800 ms (FindLiveObjects: 0.754700 ms CreateObjectMapping: 0.630100 ms MarkObjects: 4.309800 ms  DeleteObjects: 1.939600 ms)

Prepare: number of updated asset objects reloaded= 0
========================================================================
Received Prepare
Assembly reference Packages/com.unity.cinemachine/Editor/Samples/ExposeHDRPInternals/HDRP-Editor-ref.asmref has no target assembly definition
Assembly reference Packages/com.unity.cinemachine/Editor/Samples/ExposeHDRPInternals/HDRP-Editor-ref.asmref has no target assembly definition
Begin MonoManager ReloadAssembly
- Loaded All Assemblies, in  0.423 seconds
Assembly reference Packages/com.unity.cinemachine/Editor/Samples/ExposeHDRPInternals/HDRP-Editor-ref.asmref has no target assembly definition
'Packages/com.unity.cinemachine/Editor/Obsolete/CinemachineVirtualCameraBaseEditor.cs' contains partial class of Unity.Object, exactly 1 of the partial classes needs to be in a file with the same filename. This is to know the one that can be referenced from ie. GameObjects
'Packages/com.unity.cinemachine/Editor/Editors/CinemachineVirtualCameraBaseEditor.cs' contains partial class of Unity.Object, exactly 1 of the partial classes needs to be in a file with the same filename. This is to know the one that can be referenced from ie. GameObjects
Refreshing native plugins compatible for Editor in 1.19 ms, found 4 plugins.
Native extension for WindowsStandalone target not found
Native extension for WebGL target not found
Assembly reference Packages/com.unity.cinemachine/Editor/Samples/ExposeHDRPInternals/HDRP-Editor-ref.asmref has no target assembly definition
[Package Manager] Failed to launch server process. Reason: Unity was launched with the -noUpm command-line argument
[Package Manager] Unable to send message (not connected to server process).
[Package Manager] Cannot connect to Unity Package Manager local server
Mono: successfully reloaded assembly
- Finished resetting the current domain, in  0.439 seconds
Domain Reload Profiling: 864ms
	BeginReloadAssembly (141ms)
		ExecutionOrderSort (0ms)
		DisableScriptedObjects (7ms)
		BackupInstance (0ms)
		ReleaseScriptingObjects (0ms)
		CreateAndSetChildDomain (40ms)
	RebuildCommonClasses (23ms)
	RebuildNativeTypeToScriptingClass (8ms)
	initialDomainReloadingComplete (16ms)
	LoadAllAssembliesAndSetupDomain (237ms)
		LoadAssemblies (192ms)
		RebuildTransferFunctionScriptingTraits (0ms)
		AnalyzeDomain (103ms)
			TypeCache.Refresh (4ms)
				TypeCache.ScanAssembly (0ms)
			BuildScriptInfoCaches (92ms)
			ResolveRequiredComponents (4ms)
	FinalizeReload (439ms)
		ReleaseScriptCaches (0ms)
		RebuildScriptCaches (0ms)
		SetupLoadedEditorAssemblies (353ms)
			LogAssemblyErrors (0ms)
			InitializePlatformSupportModulesInManaged (2ms)
			SetLoadedEditorAssemblies (6ms)
			BeforeProcessingInitializeOnLoad (91ms)
			ProcessInitializeOnLoadAttributes (228ms)
			ProcessInitializeOnLoadMethodAttributes (23ms)
			AfterProcessingInitializeOnLoad (2ms)
			EditorAssembliesLoaded (0ms)
		ExecutionOrderSort2 (0ms)
		AwakeInstancesAfterBackupRestoration (5ms)
Refreshing native plugins compatible for Editor in 1.18 ms, found 4 plugins.
Preloading 0 native plugins for Editor in 0.00 ms.
Unloading 7 Unused Serialized files (Serialized files now loaded: 0)
Unloading 5173 unused Assets / (1.7 MB). Loaded Objects now: 6032.
Memory consumption went from 104.1 MB to 102.4 MB.
Total: 7.182600 ms (FindLiveObjects: 0.625100 ms CreateObjectMapping: 0.478000 ms MarkObjects: 4.508100 ms  DeleteObjects: 1.570000 ms)

Prepare: number of updated asset objects reloaded= 0
